<?xml version='1.0' encoding='UTF-8' standalone='yes' ?>
<gpx xmlns="http://www.topografix.com/GPX/1/1" xmlns:geotracker="http://ilyabogdanovich.com/gpx/extensions/geotracker" xmlns:xsi="http://www.w3.org/2001/XMLSchema-instance" xsi:schemaLocation="http://www.topografix.com/GPX/1/1 http://www.topografix.com/GPX/1/1/gpx.xsd" version="1.1" creator="Recorded in Geo Tracker for Android from Ilya Bogdanovich">
  <metadata>
    <name>May 5, 2026 11:31:14 AM</name>
    <author>
      <name>Recorded in Geo Tracker for Android from Ilya Bogdanovich</name>
      <link href="https://play.google.com/store/apps/details?id=com.ilyabogdanovich.geotracker" />
    </author>
    <link href="https://play.google.com/store/apps/details?id=com.ilyabogdanovich.geotracker" />
    <time>2026-05-05T10:31:14Z</time>
  </metadata>
  <wpt lat="7.32609667" lon="3.87808">
    <ele>197.4</ele>
    <time>2026-05-10T12:14:20Z</time>
    <name>Stop for ~2 min</name>
    <desc>Elevation: 648 ft
Time from start: 15:59:25
Distance from start: 4.09 mi</desc>
    <extensions>
      <geotracker:meta visited="1" />
    </extensions>
  </wpt>
  <trk>
    <name>May 5, 2026 11:31:14 AM</name>
    <src>Recorded in Geo Tracker for Android from Ilya Bogdanovich</src>
    <link href="https://play.google.com/store/apps/details?id=com.ilyabogdanovich.geotracker" />
    <extensions>
      <geotracker:meta>
        <geotracker:length>7809.65</geotracker:length>
        <geotracker:duration>8208200</geotracker:duration>
        <geotracker:creationtime>2026-05-09T20:14:54Z</geotracker:creationtime>
        <geotracker:activity>0</geotracker:activity>
      </geotracker:meta>
    </extensions>
    <trkseg>
      <trkpt lat="7.32686333" lon="3.87899">
        <ele>205</ele>
        <time>2026-05-05T10:31:21Z</time>
        <extensions>
          <geotracker:meta c="4.53" s="0.18" />
        </extensions>
      </trkpt>
      <trkpt lat="7.32682667" lon="3.87901833">
        <ele>204.5</ele>
        <time>2026-05-05T10:32:43Z</time>
        <extensions>
          <geotracker:meta c="2.95" s="0.28" />
        </extensions>
      </trkpt>
      <trkpt lat="7.32675667" lon="3.87905167">
        <ele>200.5</ele>
        <time>2026-05-05T10:32:56Z</time>
        <extensions>
          <geotracker:meta c="2.67" s="0.63" />
        </extensions>
      </trkpt>
      <trkpt lat="7.32671167" lon="3.87907667">
        <ele>199.2</ele>
        <time>2026-05-05T10:33:05Z</time>
        <extensions>
          <geotracker:meta c="2.6" s="0.57" />
        </extensions>
      </trkpt>
      <trkpt lat="7.32667167" lon="3.87911167">
        <ele>196.8</ele>
        <time>2026-05-05T10:33:16Z</time>
        <extensions>
          <geotracker:meta c="2.66" s="0.5" />
        </extensions>
      </trkpt>
      <trkpt lat="7.32663" lon="3.87913667">
        <ele>199.8</ele>
        <time>2026-05-05T10:33:20Z</time>
        <extensions>
          <geotracker:meta c="2.54" s="0.62" />
        </extensions>
      </trkpt>
      <trkpt lat="7.3266" lon="3.879175">
        <ele>202</ele>
        <time>2026-05-05T10:33:25Z</time>
        <extensions>
          <geotracker:meta c="1.84" s="0.8" />
        </extensions>
      </trkpt>
      <trkpt lat="7.32660833" lon="3.87922667">
        <ele>203.1</ele>
        <time>2026-05-05T10:33:31Z</time>
        <extensions>
          <geotracker:meta c="1.37" s="0.77" />
        </extensions>
      </trkpt>
      <trkpt lat="7.32660167" lon="3.87927167">
        <ele>203.5</ele>
        <time>2026-05-05T10:33:40Z</time>
        <extensions>
          <geotracker:meta c="1.66" s="0.55" />
        </extensions>
      </trkpt>
      <trkpt lat="7.32659167" lon="3.87932">
        <ele>202</ele>
        <time>2026-05-05T10:33:48Z</time>
        <extensions>
          <geotracker:meta c="1.43" s="0.62" />
        </extensions>
      </trkpt>
      <trkpt lat="7.32658833" lon="3.87936833">
        <ele>201</ele>
        <time>2026-05-05T10:33:53Z</time>
        <extensions>
          <geotracker:meta c="1.65" s="0.72" />
        </extensions>
      </trkpt>
      <trkpt lat="7.32660167" lon="3.87941333">
        <ele>199.3</ele>
        <time>2026-05-05T10:33:59Z</time>
        <extensions>
          <geotracker:meta c="1.29" s="0.78" />
        </extensions>
      </trkpt>
      <trkpt lat="7.32661833" lon="3.87945667">
        <ele>197.8</ele>
        <time>2026-05-05T10:34:05Z</time>
        <extensions>
          <geotracker:meta c="1.44" s="0.74" />
        </extensions>
      </trkpt>
      <trkpt lat="7.32663167" lon="3.87950333">
        <ele>197.1</ele>
        <time>2026-05-05T10:34:10Z</time>
        <extensions>
          <geotracker:meta c="1.33" s="0.82" />
        </extensions>
      </trkpt>
      <trkpt lat="7.32664" lon="3.87956">
        <ele>196.8</ele>
        <time>2026-05-05T10:34:16Z</time>
        <extensions>
          <geotracker:meta c="1.39" s="1.04" />
        </extensions>
      </trkpt>
      <trkpt lat="7.32665167" lon="3.87960833">
        <ele>197.3</ele>
        <time>2026-05-05T10:34:21Z</time>
        <extensions>
          <geotracker:meta c="1.33" s="1.1" />
        </extensions>
      </trkpt>
      <trkpt lat="7.326665" lon="3.879655">
        <ele>200</ele>
        <time>2026-05-05T10:34:27Z</time>
        <extensions>
          <geotracker:meta c="0.93" s="1.14" />
        </extensions>
      </trkpt>
      <trkpt lat="7.326695" lon="3.8797">
        <ele>201.7</ele>
        <time>2026-05-05T10:34:33Z</time>
        <extensions>
          <geotracker:meta c="1.04" s="1.18" />
        </extensions>
      </trkpt>
      <trkpt lat="7.32671" lon="3.879745">
        <ele>201.7</ele>
        <time>2026-05-05T10:34:38Z</time>
        <extensions>
          <geotracker:meta c="1.3" s="1.02" />
        </extensions>
      </trkpt>
      <trkpt lat="7.32671167" lon="3.87979167">
        <ele>201.6</ele>
        <time>2026-05-05T10:34:43Z</time>
        <extensions>
          <geotracker:meta c="1.38" s="1.02" />
        </extensions>
      </trkpt>
      <trkpt lat="7.32672833" lon="3.87983667">
        <ele>202</ele>
        <time>2026-05-05T10:34:47Z</time>
        <extensions>
          <geotracker:meta c="1.15" s="1.08" />
        </extensions>
      </trkpt>
      <trkpt lat="7.32675167" lon="3.87987667">
        <ele>202.4</ele>
        <time>2026-05-05T10:34:51Z</time>
        <extensions>
          <geotracker:meta c="1.15" s="1.05" />
        </extensions>
      </trkpt>
      <trkpt lat="7.32678333" lon="3.879925">
        <ele>203.2</ele>
        <time>2026-05-05T10:34:56Z</time>
        <extensions>
          <geotracker:meta c="1.2" s="1.04" />
        </extensions>
      </trkpt>
      <trkpt lat="7.32679667" lon="3.879975">
        <ele>202.1</ele>
        <time>2026-05-05T10:35:00Z</time>
        <extensions>
          <geotracker:meta c="1.2" s="1.14" />
        </extensions>
      </trkpt>
      <trkpt lat="7.32682333" lon="3.88001333">
        <ele>201.9</ele>
        <time>2026-05-05T10:35:04Z</time>
        <extensions>
          <geotracker:meta c="1.27" s="1.21" />
        </extensions>
      </trkpt>
      <trkpt lat="7.326825" lon="3.88006333">
        <ele>201.5</ele>
        <time>2026-05-05T10:35:10Z</time>
        <extensions>
          <geotracker:meta c="1.38" s="1.01" />
        </extensions>
      </trkpt>
      <trkpt lat="7.32684333" lon="3.880105">
        <ele>201.3</ele>
        <time>2026-05-05T10:35:17Z</time>
        <extensions>
          <geotracker:meta c="1.08" s="0.76" />
        </extensions>
      </trkpt>
      <trkpt lat="7.32687" lon="3.88014667">
        <ele>201.5</ele>
        <time>2026-05-05T10:35:22Z</time>
        <extensions>
          <geotracker:meta c="1.15" s="0.98" />
        </extensions>
      </trkpt>
      <trkpt lat="7.3269" lon="3.88019">
        <ele>202.4</ele>
        <time>2026-05-05T10:35:28Z</time>
        <extensions>
          <geotracker:meta c="0.93" s="0.96" />
        </extensions>
      </trkpt>
      <trkpt lat="7.32692167" lon="3.88023333">
        <ele>203.7</ele>
        <time>2026-05-05T10:35:33Z</time>
        <extensions>
          <geotracker:meta c="1.1" s="0.97" />
        </extensions>
      </trkpt>
      <trkpt lat="7.32694333" lon="3.880275">
        <ele>203.4</ele>
        <time>2026-05-05T10:35:36Z</time>
        <extensions>
          <geotracker:meta c="1.21" s="1.09" />
        </extensions>
      </trkpt>
      <trkpt lat="7.32697" lon="3.880315">
        <ele>203.1</ele>
        <time>2026-05-05T10:35:39Z</time>
        <extensions>
          <geotracker:meta c="1.05" s="1.19" />
        </extensions>
      </trkpt>
      <trkpt lat="7.32699333" lon="3.88035667">
        <ele>202.3</ele>
        <time>2026-05-05T10:35:43Z</time>
        <extensions>
          <geotracker:meta c="0.95" s="1.24" />
        </extensions>
      </trkpt>
      <trkpt lat="7.32702" lon="3.8804">
        <ele>202.4</ele>
        <time>2026-05-05T10:35:48Z</time>
        <extensions>
          <geotracker:meta c="1.03" s="1.23" />
        </extensions>
      </trkpt>
      <trkpt lat="7.32703167" lon="3.88044667">
        <ele>202.6</ele>
        <time>2026-05-05T10:35:53Z</time>
        <extensions>
          <geotracker:meta c="1.25" s="1.16" />
        </extensions>
      </trkpt>
      <trkpt lat="7.32704833" lon="3.880495">
        <ele>202.6</ele>
        <time>2026-05-05T10:35:57Z</time>
        <extensions>
          <geotracker:meta c="1.12" s="1.14" />
        </extensions>
      </trkpt>
      <trkpt lat="7.32707" lon="3.880535">
        <ele>202.8</ele>
        <time>2026-05-05T10:36:00Z</time>
        <extensions>
          <geotracker:meta c="1.17" s="1.21" />
        </extensions>
      </trkpt>
      <trkpt lat="7.327085" lon="3.88058167">
        <ele>203.3</ele>
        <time>2026-05-05T10:36:04Z</time>
        <extensions>
          <geotracker:meta c="1.46" s="1.29" />
        </extensions>
      </trkpt>
      <trkpt lat="7.32710667" lon="3.88063833">
        <ele>204.5</ele>
        <time>2026-05-05T10:36:08Z</time>
        <extensions>
          <geotracker:meta c="1.52" s="1.31" />
        </extensions>
      </trkpt>
      <trkpt lat="7.32709167" lon="3.880685">
        <ele>205.2</ele>
        <time>2026-05-05T10:36:11Z</time>
        <extensions>
          <geotracker:meta c="1.48" s="1.31" />
        </extensions>
      </trkpt>
      <trkpt lat="7.32706167" lon="3.88073167">
        <ele>203.6</ele>
        <time>2026-05-05T10:36:15Z</time>
        <extensions>
          <geotracker:meta c="1.7" s="1.25" />
        </extensions>
      </trkpt>
      <trkpt lat="7.32703333" lon="3.88078333">
        <ele>202.2</ele>
        <time>2026-05-05T10:36:19Z</time>
        <extensions>
          <geotracker:meta c="1.96" s="1.28" />
        </extensions>
      </trkpt>
      <trkpt lat="7.32700833" lon="3.88082333">
        <ele>201.8</ele>
        <time>2026-05-05T10:36:22Z</time>
        <extensions>
          <geotracker:meta c="1.81" s="1.32" />
        </extensions>
      </trkpt>
      <trkpt lat="7.32699667" lon="3.88087">
        <ele>200.5</ele>
        <time>2026-05-05T10:36:26Z</time>
        <extensions>
          <geotracker:meta c="1.58" s="1.34" />
        </extensions>
      </trkpt>
      <trkpt lat="7.326985" lon="3.880925">
        <ele>198.7</ele>
        <time>2026-05-05T10:36:31Z</time>
        <extensions>
          <geotracker:meta c="1.97" s="1.25" />
        </extensions>
      </trkpt>
      <trkpt lat="7.32696167" lon="3.880975">
        <ele>197.1</ele>
        <time>2026-05-05T10:36:36Z</time>
        <extensions>
          <geotracker:meta c="1.97" s="1.16" />
        </extensions>
      </trkpt>
      <trkpt lat="7.32694667" lon="3.88101833">
        <ele>195.8</ele>
        <time>2026-05-05T10:36:40Z</time>
        <extensions>
          <geotracker:meta c="1.99" s="1.16" />
        </extensions>
      </trkpt>
      <trkpt lat="7.32692" lon="3.88106">
        <ele>194.4</ele>
        <time>2026-05-05T10:36:45Z</time>
        <extensions>
          <geotracker:meta c="2.09" s="1.22" />
        </extensions>
      </trkpt>
      <trkpt lat="7.32688" lon="3.88109833">
        <ele>194.1</ele>
        <time>2026-05-05T10:36:50Z</time>
        <extensions>
          <geotracker:meta c="2.34" s="1.14" />
        </extensions>
      </trkpt>
      <trkpt lat="7.32685" lon="3.88113333">
        <ele>194.6</ele>
        <time>2026-05-05T10:36:54Z</time>
        <extensions>
          <geotracker:meta c="2.05" s="1.15" />
        </extensions>
      </trkpt>
      <trkpt lat="7.32681" lon="3.88115833">
        <ele>194.4</ele>
        <time>2026-05-05T10:36:58Z</time>
        <extensions>
          <geotracker:meta c="2.69" s="1.13" />
        </extensions>
      </trkpt>
      <trkpt lat="7.32675833" lon="3.88117667">
        <ele>194.2</ele>
        <time>2026-05-05T10:37:02Z</time>
        <extensions>
          <geotracker:meta c="2.82" s="1.12" />
        </extensions>
      </trkpt>
      <trkpt lat="7.32670833" lon="3.88119333">
        <ele>193.9</ele>
        <time>2026-05-05T10:37:06Z</time>
        <extensions>
          <geotracker:meta c="2.56" s="1.18" />
        </extensions>
      </trkpt>
      <trkpt lat="7.32665667" lon="3.88121">
        <ele>192.9</ele>
        <time>2026-05-05T10:37:11Z</time>
        <extensions>
          <geotracker:meta c="2.22" s="1.2" />
        </extensions>
      </trkpt>
      <trkpt lat="7.326615" lon="3.88123667">
        <ele>192.7</ele>
        <time>2026-05-05T10:37:15Z</time>
        <extensions>
          <geotracker:meta c="2.43" s="1.15" />
        </extensions>
      </trkpt>
      <trkpt lat="7.32657167" lon="3.88125167">
        <ele>192</ele>
        <time>2026-05-05T10:37:19Z</time>
        <extensions>
          <geotracker:meta c="2.69" s="1.11" />
        </extensions>
      </trkpt>
      <trkpt lat="7.32652833" lon="3.88127167">
        <ele>191.5</ele>
        <time>2026-05-05T10:37:23Z</time>
        <extensions>
          <geotracker:meta c="2.71" s="1.16" />
        </extensions>
      </trkpt>
      <trkpt lat="7.32648667" lon="3.8813">
        <ele>190.1</ele>
        <time>2026-05-05T10:37:27Z</time>
        <extensions>
          <geotracker:meta c="2.59" s="1.17" />
        </extensions>
      </trkpt>
      <trkpt lat="7.32643333" lon="3.88132">
        <ele>189.2</ele>
        <time>2026-05-05T10:37:32Z</time>
        <extensions>
          <geotracker:meta c="2.65" s="1.19" />
        </extensions>
      </trkpt>
      <trkpt lat="7.32638167" lon="3.88134167">
        <ele>188.2</ele>
        <time>2026-05-05T10:37:37Z</time>
        <extensions>
          <geotracker:meta c="2.69" s="1.21" />
        </extensions>
      </trkpt>
      <trkpt lat="7.326335" lon="3.88136333">
        <ele>187.5</ele>
        <time>2026-05-05T10:37:41Z</time>
        <extensions>
          <geotracker:meta c="2.78" s="1.31" />
        </extensions>
      </trkpt>
      <trkpt lat="7.32629" lon="3.88138667">
        <ele>187.5</ele>
        <time>2026-05-05T10:37:46Z</time>
        <extensions>
          <geotracker:meta c="2.64" s="1.29" />
        </extensions>
      </trkpt>
      <trkpt lat="7.32624167" lon="3.88141333">
        <ele>188.9</ele>
        <time>2026-05-05T10:37:50Z</time>
        <extensions>
          <geotracker:meta c="2.91" s="1.26" />
        </extensions>
      </trkpt>
      <trkpt lat="7.3262" lon="3.881435">
        <ele>188.9</ele>
        <time>2026-05-05T10:37:54Z</time>
        <extensions>
          <geotracker:meta c="2.86" s="1.28" />
        </extensions>
      </trkpt>
      <trkpt lat="7.32615667" lon="3.88145167">
        <ele>188.3</ele>
        <time>2026-05-05T10:37:58Z</time>
        <extensions>
          <geotracker:meta c="2.88" s="1.25" />
        </extensions>
      </trkpt>
      <trkpt lat="7.32611333" lon="3.88147">
        <ele>189.1</ele>
        <time>2026-05-05T10:38:02Z</time>
        <extensions>
          <geotracker:meta c="2.76" s="1.26" />
        </extensions>
      </trkpt>
      <trkpt lat="7.32607" lon="3.881485">
        <ele>189.1</ele>
        <time>2026-05-05T10:38:06Z</time>
        <extensions>
          <geotracker:meta c="2.91" s="1.26" />
        </extensions>
      </trkpt>
      <trkpt lat="7.32602833" lon="3.88150667">
        <ele>188.6</ele>
        <time>2026-05-05T10:38:10Z</time>
        <extensions>
          <geotracker:meta c="2.22" s="1.29" />
        </extensions>
      </trkpt>
      <trkpt lat="7.32598333" lon="3.88153">
        <ele>189.4</ele>
        <time>2026-05-05T10:38:14Z</time>
        <extensions>
          <geotracker:meta c="2.79" s="1.19" />
        </extensions>
      </trkpt>
      <trkpt lat="7.32593833" lon="3.88156167">
        <ele>190.7</ele>
        <time>2026-05-05T10:38:18Z</time>
        <extensions>
          <geotracker:meta c="2.58" s="1.24" />
        </extensions>
      </trkpt>
      <trkpt lat="7.32589833" lon="3.88159">
        <ele>191.4</ele>
        <time>2026-05-05T10:38:22Z</time>
        <extensions>
          <geotracker:meta c="2.53" s="1.27" />
        </extensions>
      </trkpt>
      <trkpt lat="7.32585667" lon="3.88161">
        <ele>193</ele>
        <time>2026-05-05T10:38:30Z</time>
        <extensions>
          <geotracker:meta c="2.58" s="0.67" />
        </extensions>
      </trkpt>
      <trkpt lat="7.325825" lon="3.88156667">
        <ele>193.7</ele>
        <time>2026-05-05T10:38:42Z</time>
        <extensions>
          <geotracker:meta c="4.22" s="0.37" />
        </extensions>
      </trkpt>
      <trkpt lat="7.32579833" lon="3.88152">
        <ele>194.2</ele>
        <time>2026-05-05T10:38:46Z</time>
        <extensions>
          <geotracker:meta c="4.09" s="0.81" />
        </extensions>
      </trkpt>
      <trkpt lat="7.32577" lon="3.881475">
        <ele>193.9</ele>
        <time>2026-05-05T10:38:51Z</time>
        <extensions>
          <geotracker:meta c="4.32" s="1.2" />
        </extensions>
      </trkpt>
      <trkpt lat="7.325755" lon="3.881425">
        <ele>193.3</ele>
        <time>2026-05-05T10:38:56Z</time>
        <extensions>
          <geotracker:meta c="4.31" s="1.28" />
        </extensions>
      </trkpt>
      <trkpt lat="7.32573" lon="3.88138167">
        <ele>193.4</ele>
        <time>2026-05-05T10:39:02Z</time>
        <extensions>
          <geotracker:meta c="4.54" s="1.19" />
        </extensions>
      </trkpt>
      <trkpt lat="7.32570833" lon="3.88133">
        <ele>194.7</ele>
        <time>2026-05-05T10:39:06Z</time>
        <extensions>
          <geotracker:meta c="4.45" s="1.15" />
        </extensions>
      </trkpt>
      <trkpt lat="7.32570167" lon="3.88128333">
        <ele>195.1</ele>
        <time>2026-05-05T10:39:09Z</time>
        <extensions>
          <geotracker:meta c="4.26" s="1.27" />
        </extensions>
      </trkpt>
      <trkpt lat="7.32569" lon="3.88123833">
        <ele>194.8</ele>
        <time>2026-05-05T10:39:12Z</time>
        <extensions>
          <geotracker:meta c="4.27" s="1.45" />
        </extensions>
      </trkpt>
      <trkpt lat="7.32566333" lon="3.88118667">
        <ele>195.3</ele>
        <time>2026-05-05T10:39:16Z</time>
        <extensions>
          <geotracker:meta c="4.36" s="1.52" />
        </extensions>
      </trkpt>
      <trkpt lat="7.32563833" lon="3.88114">
        <ele>195.3</ele>
        <time>2026-05-05T10:39:19Z</time>
        <extensions>
          <geotracker:meta c="4.38" s="1.44" />
        </extensions>
      </trkpt>
      <trkpt lat="7.32562" lon="3.88109333">
        <ele>195.5</ele>
        <time>2026-05-05T10:39:22Z</time>
        <extensions>
          <geotracker:meta c="4.43" s="1.46" />
        </extensions>
      </trkpt>
      <trkpt lat="7.32564833" lon="3.88113667">
        <ele>194.6</ele>
        <time>2026-05-05T10:39:55Z</time>
        <extensions>
          <geotracker:meta c="1.03" s="0.83" />
        </extensions>
      </trkpt>
      <trkpt lat="7.32563167" lon="3.881215">
        <ele>196.7</ele>
        <time>2026-05-05T10:40:02Z</time>
        <extensions>
          <geotracker:meta c="1.27" s="1.14" />
        </extensions>
      </trkpt>
      <trkpt lat="7.32565667" lon="3.88127">
        <ele>199.6</ele>
        <time>2026-05-05T10:40:07Z</time>
        <extensions>
          <geotracker:meta c="1.1" s="1.28" />
        </extensions>
      </trkpt>
      <trkpt lat="7.32568333" lon="3.88131833">
        <ele>199.4</ele>
        <time>2026-05-05T10:40:10Z</time>
        <extensions>
          <geotracker:meta c="1.35" s="1.31" />
        </extensions>
      </trkpt>
      <trkpt lat="7.32570333" lon="3.88137333">
        <ele>198.4</ele>
        <time>2026-05-05T10:40:14Z</time>
        <extensions>
          <geotracker:meta c="1.17" s="1.31" />
        </extensions>
      </trkpt>
      <trkpt lat="7.32571667" lon="3.88141667">
        <ele>197.5</ele>
        <time>2026-05-05T10:40:17Z</time>
        <extensions>
          <geotracker:meta c="1.35" s="1.26" />
        </extensions>
      </trkpt>
      <trkpt lat="7.32573333" lon="3.88146">
        <ele>198.3</ele>
        <time>2026-05-05T10:40:20Z</time>
        <extensions>
          <geotracker:meta c="1.26" s="1.26" />
        </extensions>
      </trkpt>
      <trkpt lat="7.325755" lon="3.8815">
        <ele>199.6</ele>
        <time>2026-05-05T10:40:22Z</time>
        <extensions>
          <geotracker:meta c="1.22" s="1.36" />
        </extensions>
      </trkpt>
      <trkpt lat="7.32578667" lon="3.88153833">
        <ele>198.8</ele>
        <time>2026-05-05T10:40:26Z</time>
        <extensions>
          <geotracker:meta c="0.96" s="1.34" />
        </extensions>
      </trkpt>
      <trkpt lat="7.325815" lon="3.88158333">
        <ele>195.9</ele>
        <time>2026-05-05T10:40:31Z</time>
        <extensions>
          <geotracker:meta c="1.29" s="1.19" />
        </extensions>
      </trkpt>
      <trkpt lat="7.32582667" lon="3.88163167">
        <ele>192.3</ele>
        <time>2026-05-05T10:40:38Z</time>
        <extensions>
          <geotracker:meta c="1.39" s="1.23" />
        </extensions>
      </trkpt>
      <trkpt lat="7.325825" lon="3.88167833">
        <ele>190.5</ele>
        <time>2026-05-05T10:40:52Z</time>
        <extensions>
          <geotracker:meta c="2.6" s="0.34" />
        </extensions>
      </trkpt>
      <trkpt lat="7.325775" lon="3.881695">
        <ele>190.1</ele>
        <time>2026-05-05T10:40:57Z</time>
        <extensions>
          <geotracker:meta c="2.87" s="0.83" />
        </extensions>
      </trkpt>
      <trkpt lat="7.32573" lon="3.88171167">
        <ele>189.5</ele>
        <time>2026-05-05T10:41:01Z</time>
        <extensions>
          <geotracker:meta c="2.44" s="1.14" />
        </extensions>
      </trkpt>
      <trkpt lat="7.32568167" lon="3.881735">
        <ele>188.9</ele>
        <time>2026-05-05T10:41:06Z</time>
        <extensions>
          <geotracker:meta c="2.43" s="1.22" />
        </extensions>
      </trkpt>
      <trkpt lat="7.32564" lon="3.881765">
        <ele>188.7</ele>
        <time>2026-05-05T10:41:10Z</time>
        <extensions>
          <geotracker:meta c="2.34" s="1.29" />
        </extensions>
      </trkpt>
      <trkpt lat="7.32559167" lon="3.88179667">
        <ele>189.9</ele>
        <time>2026-05-05T10:41:15Z</time>
        <extensions>
          <geotracker:meta c="2.7" s="1.25" />
        </extensions>
      </trkpt>
      <trkpt lat="7.32554833" lon="3.88181167">
        <ele>189.6</ele>
        <time>2026-05-05T10:41:19Z</time>
        <extensions>
          <geotracker:meta c="2.82" s="1.24" />
        </extensions>
      </trkpt>
      <trkpt lat="7.32550333" lon="3.88182667">
        <ele>189.3</ele>
        <time>2026-05-05T10:41:23Z</time>
        <extensions>
          <geotracker:meta c="2.76" s="1.26" />
        </extensions>
      </trkpt>
      <trkpt lat="7.32545833" lon="3.88184667">
        <ele>189.4</ele>
        <time>2026-05-05T10:41:27Z</time>
        <extensions>
          <geotracker:meta c="2.79" s="1.3" />
        </extensions>
      </trkpt>
      <trkpt lat="7.32541667" lon="3.88188167">
        <ele>189.1</ele>
        <time>2026-05-05T10:41:32Z</time>
        <extensions>
          <geotracker:meta c="2.62" s="1.28" />
        </extensions>
      </trkpt>
      <trkpt lat="7.32537333" lon="3.881905">
        <ele>188.7</ele>
        <time>2026-05-05T10:41:36Z</time>
        <extensions>
          <geotracker:meta c="2.35" s="1.27" />
        </extensions>
      </trkpt>
      <trkpt lat="7.32533" lon="3.88192667">
        <ele>188.2</ele>
        <time>2026-05-05T10:41:40Z</time>
        <extensions>
          <geotracker:meta c="2.76" s="1.27" />
        </extensions>
      </trkpt>
      <trkpt lat="7.32528" lon="3.881935">
        <ele>187.9</ele>
        <time>2026-05-05T10:41:44Z</time>
        <extensions>
          <geotracker:meta c="2.8" s="1.29" />
        </extensions>
      </trkpt>
      <trkpt lat="7.32522833" lon="3.88195833">
        <ele>187.5</ele>
        <time>2026-05-05T10:41:49Z</time>
        <extensions>
          <geotracker:meta c="2.76" s="1.31" />
        </extensions>
      </trkpt>
      <trkpt lat="7.325185" lon="3.88198667">
        <ele>186.6</ele>
        <time>2026-05-05T10:41:54Z</time>
        <extensions>
          <geotracker:meta c="2.67" s="1.32" />
        </extensions>
      </trkpt>
      <trkpt lat="7.32514" lon="3.88200667">
        <ele>187.4</ele>
        <time>2026-05-05T10:41:58Z</time>
        <extensions>
          <geotracker:meta c="2.8" s="1.29" />
        </extensions>
      </trkpt>
      <trkpt lat="7.32509333" lon="3.88202833">
        <ele>187.5</ele>
        <time>2026-05-05T10:42:02Z</time>
        <extensions>
          <geotracker:meta c="2.72" s="1.23" />
        </extensions>
      </trkpt>
      <trkpt lat="7.32504667" lon="3.88205333">
        <ele>186.6</ele>
        <time>2026-05-05T10:42:07Z</time>
        <extensions>
          <geotracker:meta c="2.82" s="1.14" />
        </extensions>
      </trkpt>
      <trkpt lat="7.325005" lon="3.88208">
        <ele>187.1</ele>
        <time>2026-05-05T10:42:11Z</time>
        <extensions>
          <geotracker:meta c="2.62" s="1.19" />
        </extensions>
      </trkpt>
      <trkpt lat="7.32495" lon="3.88209167">
        <ele>187.7</ele>
        <time>2026-05-05T10:42:16Z</time>
        <extensions>
          <geotracker:meta c="2.92" s="1.22" />
        </extensions>
      </trkpt>
      <trkpt lat="7.32490667" lon="3.882115">
        <ele>188</ele>
        <time>2026-05-05T10:42:20Z</time>
        <extensions>
          <geotracker:meta c="2.86" s="1.22" />
        </extensions>
      </trkpt>
      <trkpt lat="7.32486333" lon="3.88213667">
        <ele>187.2</ele>
        <time>2026-05-05T10:42:24Z</time>
        <extensions>
          <geotracker:meta c="2.8" s="1.31" />
        </extensions>
      </trkpt>
      <trkpt lat="7.32481833" lon="3.882155">
        <ele>187</ele>
        <time>2026-05-05T10:42:28Z</time>
        <extensions>
          <geotracker:meta c="2.8" s="1.38" />
        </extensions>
      </trkpt>
      <trkpt lat="7.324775" lon="3.882175">
        <ele>186.4</ele>
        <time>2026-05-05T10:42:32Z</time>
        <extensions>
          <geotracker:meta c="2.81" s="1.41" />
        </extensions>
      </trkpt>
      <trkpt lat="7.32472667" lon="3.88218833">
        <ele>185.9</ele>
        <time>2026-05-05T10:42:36Z</time>
        <extensions>
          <geotracker:meta c="2.85" s="1.42" />
        </extensions>
      </trkpt>
      <trkpt lat="7.324685" lon="3.88221">
        <ele>185.1</ele>
        <time>2026-05-05T10:42:40Z</time>
        <extensions>
          <geotracker:meta c="2.72" s="1.41" />
        </extensions>
      </trkpt>
      <trkpt lat="7.32462667" lon="3.88222667">
        <ele>185.3</ele>
        <time>2026-05-05T10:42:45Z</time>
        <extensions>
          <geotracker:meta c="2.72" s="1.34" />
        </extensions>
      </trkpt>
      <trkpt lat="7.324585" lon="3.88225333">
        <ele>185.9</ele>
        <time>2026-05-05T10:42:49Z</time>
        <extensions>
          <geotracker:meta c="2.78" s="1.38" />
        </extensions>
      </trkpt>
      <trkpt lat="7.32454" lon="3.88226833">
        <ele>186.2</ele>
        <time>2026-05-05T10:42:53Z</time>
        <extensions>
          <geotracker:meta c="2.82" s="1.38" />
        </extensions>
      </trkpt>
      <trkpt lat="7.32449" lon="3.882285">
        <ele>185.8</ele>
        <time>2026-05-05T10:42:57Z</time>
        <extensions>
          <geotracker:meta c="2.71" s="1.38" />
        </extensions>
      </trkpt>
      <trkpt lat="7.32444333" lon="3.8823">
        <ele>186.3</ele>
        <time>2026-05-05T10:43:01Z</time>
        <extensions>
          <geotracker:meta c="2.76" s="1.36" />
        </extensions>
      </trkpt>
      <trkpt lat="7.32439333" lon="3.88231333">
        <ele>186.4</ele>
        <time>2026-05-05T10:43:05Z</time>
        <extensions>
          <geotracker:meta c="2.92" s="1.36" />
        </extensions>
      </trkpt>
      <trkpt lat="7.32434833" lon="3.88234">
        <ele>186</ele>
        <time>2026-05-05T10:43:09Z</time>
        <extensions>
          <geotracker:meta c="2.66" s="1.39" />
        </extensions>
      </trkpt>
      <trkpt lat="7.32430833" lon="3.88236667">
        <ele>185.6</ele>
        <time>2026-05-05T10:43:13Z</time>
        <extensions>
          <geotracker:meta c="2.74" s="1.39" />
        </extensions>
      </trkpt>
      <trkpt lat="7.32425833" lon="3.882385">
        <ele>185.2</ele>
        <time>2026-05-05T10:43:17Z</time>
        <extensions>
          <geotracker:meta c="2.69" s="1.39" />
        </extensions>
      </trkpt>
      <trkpt lat="7.32421333" lon="3.88240333">
        <ele>185</ele>
        <time>2026-05-05T10:43:21Z</time>
        <extensions>
          <geotracker:meta c="3.06" s="1.38" />
        </extensions>
      </trkpt>
      <trkpt lat="7.32416333" lon="3.88241833">
        <ele>185.2</ele>
        <time>2026-05-05T10:43:26Z</time>
        <extensions>
          <geotracker:meta c="3.14" s="1.23" />
        </extensions>
      </trkpt>
      <trkpt lat="7.32411667" lon="3.88242333">
        <ele>185.9</ele>
        <time>2026-05-05T10:43:31Z</time>
        <extensions>
          <geotracker:meta c="3.66" s="0.96" />
        </extensions>
      </trkpt>
      <trkpt lat="7.32409" lon="3.88238333">
        <ele>185.8</ele>
        <time>2026-05-05T10:43:48Z</time>
        <extensions>
          <geotracker:meta c="3.74" s="0.34" />
        </extensions>
      </trkpt>
      <trkpt lat="7.32405167" lon="3.88234833">
        <ele>186.8</ele>
        <time>2026-05-05T10:43:53Z</time>
        <extensions>
          <geotracker:meta c="3.94" s="0.88" />
        </extensions>
      </trkpt>
      <trkpt lat="7.32401833" lon="3.88230333">
        <ele>187.6</ele>
        <time>2026-05-05T10:43:58Z</time>
        <extensions>
          <geotracker:meta c="4.07" s="1.22" />
        </extensions>
      </trkpt>
      <trkpt lat="7.32398167" lon="3.88226833">
        <ele>187.6</ele>
        <time>2026-05-05T10:44:02Z</time>
        <extensions>
          <geotracker:meta c="3.75" s="1.33" />
        </extensions>
      </trkpt>
      <trkpt lat="7.32396" lon="3.882225">
        <ele>187.8</ele>
        <time>2026-05-05T10:44:06Z</time>
        <extensions>
          <geotracker:meta c="4.14" s="1.3" />
        </extensions>
      </trkpt>
      <trkpt lat="7.32393833" lon="3.88218167">
        <ele>187.9</ele>
        <time>2026-05-05T10:44:10Z</time>
        <extensions>
          <geotracker:meta c="4.13" s="1.27" />
        </extensions>
      </trkpt>
      <trkpt lat="7.32390833" lon="3.882135">
        <ele>186.6</ele>
        <time>2026-05-05T10:44:15Z</time>
        <extensions>
          <geotracker:meta c="4.01" s="1.25" />
        </extensions>
      </trkpt>
      <trkpt lat="7.32388167" lon="3.88208667">
        <ele>186.1</ele>
        <time>2026-05-05T10:44:20Z</time>
        <extensions>
          <geotracker:meta c="4.25" s="1.25" />
        </extensions>
      </trkpt>
      <trkpt lat="7.323865" lon="3.88203667">
        <ele>186.2</ele>
        <time>2026-05-05T10:44:26Z</time>
        <extensions>
          <geotracker:meta c="4.18" s="1.16" />
        </extensions>
      </trkpt>
      <trkpt lat="7.32385" lon="3.88199333">
        <ele>187.9</ele>
        <time>2026-05-05T10:44:31Z</time>
        <extensions>
          <geotracker:meta c="4.35" s="1.03" />
        </extensions>
      </trkpt>
      <trkpt lat="7.32382667" lon="3.88195333">
        <ele>187.5</ele>
        <time>2026-05-05T10:44:35Z</time>
        <extensions>
          <geotracker:meta c="3.95" s="1.01" />
        </extensions>
      </trkpt>
      <trkpt lat="7.32379667" lon="3.88191667">
        <ele>186.8</ele>
        <time>2026-05-05T10:44:39Z</time>
        <extensions>
          <geotracker:meta c="4.29" s="1.03" />
        </extensions>
      </trkpt>
      <trkpt lat="7.32374667" lon="3.881915">
        <ele>185.8</ele>
        <time>2026-05-05T10:44:57Z</time>
        <extensions>
          <geotracker:meta c="2.49" s="0.46" />
        </extensions>
      </trkpt>
      <trkpt lat="7.3237" lon="3.88193333">
        <ele>184.8</ele>
        <time>2026-05-05T10:45:01Z</time>
        <extensions>
          <geotracker:meta c="3.05" s="0.97" />
        </extensions>
      </trkpt>
      <trkpt lat="7.32365" lon="3.881945">
        <ele>183.5</ele>
        <time>2026-05-05T10:45:05Z</time>
        <extensions>
          <geotracker:meta c="3.2" s="1.3" />
        </extensions>
      </trkpt>
      <trkpt lat="7.323605" lon="3.88197167">
        <ele>182.8</ele>
        <time>2026-05-05T10:45:09Z</time>
        <extensions>
          <geotracker:meta c="2.87" s="1.38" />
        </extensions>
      </trkpt>
      <trkpt lat="7.32356167" lon="3.88199">
        <ele>182.7</ele>
        <time>2026-05-05T10:45:13Z</time>
        <extensions>
          <geotracker:meta c="2.91" s="1.34" />
        </extensions>
      </trkpt>
      <trkpt lat="7.32350333" lon="3.882005">
        <ele>182.6</ele>
        <time>2026-05-05T10:45:18Z</time>
        <extensions>
          <geotracker:meta c="2.83" s="1.32" />
        </extensions>
      </trkpt>
      <trkpt lat="7.32345833" lon="3.88202833">
        <ele>182.6</ele>
        <time>2026-05-05T10:45:22Z</time>
        <extensions>
          <geotracker:meta c="2.75" s="1.31" />
        </extensions>
      </trkpt>
      <trkpt lat="7.32353833" lon="3.881975">
        <ele>187.1</ele>
        <time>2026-05-05T10:46:43Z</time>
        <extensions>
          <geotracker:meta c="6.07" s="1.2" />
        </extensions>
      </trkpt>
      <trkpt lat="7.32358833" lon="3.88197167">
        <ele>187.7</ele>
        <time>2026-05-05T10:46:47Z</time>
        <extensions>
          <geotracker:meta c="6.12" s="1.24" />
        </extensions>
      </trkpt>
      <trkpt lat="7.323635" lon="3.88196333">
        <ele>187</ele>
        <time>2026-05-05T10:46:51Z</time>
        <extensions>
          <geotracker:meta c="5.92" s="1.34" />
        </extensions>
      </trkpt>
      <trkpt lat="7.32368" lon="3.88194167">
        <ele>187.2</ele>
        <time>2026-05-05T10:46:55Z</time>
        <extensions>
          <geotracker:meta c="5.86" s="1.37" />
        </extensions>
      </trkpt>
      <trkpt lat="7.32373333" lon="3.88192167">
        <ele>187.8</ele>
        <time>2026-05-05T10:47:00Z</time>
        <extensions>
          <geotracker:meta c="5.88" s="1.43" />
        </extensions>
      </trkpt>
      <trkpt lat="7.32377833" lon="3.881905">
        <ele>188.2</ele>
        <time>2026-05-05T10:47:04Z</time>
        <extensions>
          <geotracker:meta c="6.09" s="1.43" />
        </extensions>
      </trkpt>
      <trkpt lat="7.32381833" lon="3.88194">
        <ele>187.2</ele>
        <time>2026-05-05T10:47:12Z</time>
        <extensions>
          <geotracker:meta c="1.24" s="0.9" />
        </extensions>
      </trkpt>
      <trkpt lat="7.32379333" lon="3.88189333">
        <ele>185.1</ele>
        <time>2026-05-05T10:47:22Z</time>
        <extensions>
          <geotracker:meta c="4.27" s="0.77" />
        </extensions>
      </trkpt>
      <trkpt lat="7.32377833" lon="3.88184833">
        <ele>184.6</ele>
        <time>2026-05-05T10:47:26Z</time>
        <extensions>
          <geotracker:meta c="4.3" s="1.05" />
        </extensions>
      </trkpt>
      <trkpt lat="7.32376167" lon="3.88180167">
        <ele>184.7</ele>
        <time>2026-05-05T10:47:30Z</time>
        <extensions>
          <geotracker:meta c="4.28" s="1.23" />
        </extensions>
      </trkpt>
      <trkpt lat="7.32371833" lon="3.88178167">
        <ele>182.6</ele>
        <time>2026-05-05T10:47:37Z</time>
        <extensions>
          <geotracker:meta c="3.05" s="1.18" />
        </extensions>
      </trkpt>
      <trkpt lat="7.323675" lon="3.88179667">
        <ele>181.6</ele>
        <time>2026-05-05T10:47:41Z</time>
        <extensions>
          <geotracker:meta c="2.77" s="1.2" />
        </extensions>
      </trkpt>
      <trkpt lat="7.32362833" lon="3.88180333">
        <ele>181.2</ele>
        <time>2026-05-05T10:47:45Z</time>
        <extensions>
          <geotracker:meta c="2.94" s="1.32" />
        </extensions>
      </trkpt>
      <trkpt lat="7.32357167" lon="3.88181167">
        <ele>180.7</ele>
        <time>2026-05-05T10:47:49Z</time>
        <extensions>
          <geotracker:meta c="2.91" s="1.38" />
        </extensions>
      </trkpt>
      <trkpt lat="7.32352667" lon="3.88182833">
        <ele>181.1</ele>
        <time>2026-05-05T10:47:53Z</time>
        <extensions>
          <geotracker:meta c="2.91" s="1.36" />
        </extensions>
      </trkpt>
      <trkpt lat="7.32348667" lon="3.881855">
        <ele>181.3</ele>
        <time>2026-05-05T10:47:58Z</time>
        <extensions>
          <geotracker:meta c="2.93" s="1.3" />
        </extensions>
      </trkpt>
      <trkpt lat="7.32343833" lon="3.88186333">
        <ele>182.4</ele>
        <time>2026-05-05T10:48:02Z</time>
        <extensions>
          <geotracker:meta c="2.79" s="1.27" />
        </extensions>
      </trkpt>
      <trkpt lat="7.323395" lon="3.88187667">
        <ele>182.7</ele>
        <time>2026-05-05T10:48:06Z</time>
        <extensions>
          <geotracker:meta c="2.83" s="1.16" />
        </extensions>
      </trkpt>
      <trkpt lat="7.323345" lon="3.88188167">
        <ele>181.5</ele>
        <time>2026-05-05T10:48:10Z</time>
        <extensions>
          <geotracker:meta c="2.8" s="1.11" />
        </extensions>
      </trkpt>
      <trkpt lat="7.32329" lon="3.88189">
        <ele>180.1</ele>
        <time>2026-05-05T10:48:14Z</time>
        <extensions>
          <geotracker:meta c="2.72" s="1.13" />
        </extensions>
      </trkpt>
      <trkpt lat="7.323245" lon="3.881905">
        <ele>178.9</ele>
        <time>2026-05-05T10:48:18Z</time>
        <extensions>
          <geotracker:meta c="2.65" s="1.18" />
        </extensions>
      </trkpt>
      <trkpt lat="7.3232" lon="3.881925">
        <ele>177.8</ele>
        <time>2026-05-05T10:48:23Z</time>
        <extensions>
          <geotracker:meta c="3.26" s="1.03" />
        </extensions>
      </trkpt>
      <trkpt lat="7.323155" lon="3.881935">
        <ele>176.8</ele>
        <time>2026-05-05T10:48:28Z</time>
        <extensions>
          <geotracker:meta c="2.98" s="0.86" />
        </extensions>
      </trkpt>
      <trkpt lat="7.32311" lon="3.88194">
        <ele>176</ele>
        <time>2026-05-05T10:48:32Z</time>
        <extensions>
          <geotracker:meta c="3.44" s="0.93" />
        </extensions>
      </trkpt>
      <trkpt lat="7.32305833" lon="3.88194833">
        <ele>175.2</ele>
        <time>2026-05-05T10:48:36Z</time>
        <extensions>
          <geotracker:meta c="2.97" s="1.25" />
        </extensions>
      </trkpt>
      <trkpt lat="7.32301" lon="3.88198167">
        <ele>174.6</ele>
        <time>2026-05-05T10:48:40Z</time>
        <extensions>
          <geotracker:meta c="2.3" s="1.5" />
        </extensions>
      </trkpt>
      <trkpt lat="7.32296667" lon="3.881995">
        <ele>175</ele>
        <time>2026-05-05T10:48:45Z</time>
        <extensions>
          <geotracker:meta c="2.94" s="1.43" />
        </extensions>
      </trkpt>
      <trkpt lat="7.32292" lon="3.88200167">
        <ele>175.5</ele>
        <time>2026-05-05T10:48:49Z</time>
        <extensions>
          <geotracker:meta c="2.91" s="1.25" />
        </extensions>
      </trkpt>
      <trkpt lat="7.32287667" lon="3.88201667">
        <ele>175.9</ele>
        <time>2026-05-05T10:48:53Z</time>
        <extensions>
          <geotracker:meta c="2.62" s="1.15" />
        </extensions>
      </trkpt>
      <trkpt lat="7.322835" lon="3.88203833">
        <ele>174.8</ele>
        <time>2026-05-05T10:48:58Z</time>
        <extensions>
          <geotracker:meta c="3.31" s="1.09" />
        </extensions>
      </trkpt>
      <trkpt lat="7.32288833" lon="3.88204833">
        <ele>175</ele>
        <time>2026-05-05T10:49:19Z</time>
        <extensions>
          <geotracker:meta c="5.86" s="0.51" />
        </extensions>
      </trkpt>
      <trkpt lat="7.32293167" lon="3.882025">
        <ele>175.7</ele>
        <time>2026-05-05T10:49:24Z</time>
        <extensions>
          <geotracker:meta c="5.87" s="0.98" />
        </extensions>
      </trkpt>
      <trkpt lat="7.32297333" lon="3.88199333">
        <ele>177</ele>
        <time>2026-05-05T10:49:28Z</time>
        <extensions>
          <geotracker:meta c="6.23" s="1.12" />
        </extensions>
      </trkpt>
      <trkpt lat="7.32302" lon="3.881985">
        <ele>176.9</ele>
        <time>2026-05-05T10:49:32Z</time>
        <extensions>
          <geotracker:meta c="5.89" s="1.21" />
        </extensions>
      </trkpt>
      <trkpt lat="7.32306333" lon="3.88195">
        <ele>177.6</ele>
        <time>2026-05-05T10:49:36Z</time>
        <extensions>
          <geotracker:meta c="5.87" s="1.31" />
        </extensions>
      </trkpt>
      <trkpt lat="7.32311667" lon="3.88195167">
        <ele>177.8</ele>
        <time>2026-05-05T10:49:41Z</time>
        <extensions>
          <geotracker:meta c="5.99" s="1.33" />
        </extensions>
      </trkpt>
      <trkpt lat="7.32317" lon="3.88194667">
        <ele>179.4</ele>
        <time>2026-05-05T10:49:46Z</time>
        <extensions>
          <geotracker:meta c="0.1" s="1.22" />
        </extensions>
      </trkpt>
      <trkpt lat="7.32320833" lon="3.88190667">
        <ele>180.8</ele>
        <time>2026-05-05T10:49:51Z</time>
        <extensions>
          <geotracker:meta c="5.88" s="1.03" />
        </extensions>
      </trkpt>
      <trkpt lat="7.323265" lon="3.88190333">
        <ele>181.8</ele>
        <time>2026-05-05T10:49:55Z</time>
        <extensions>
          <geotracker:meta c="6.14" s="1" />
        </extensions>
      </trkpt>
      <trkpt lat="7.32332333" lon="3.88192333">
        <ele>184</ele>
        <time>2026-05-05T10:49:59Z</time>
        <extensions>
          <geotracker:meta c="6.23" s="1.3" />
        </extensions>
      </trkpt>
      <trkpt lat="7.323355" lon="3.88196">
        <ele>184</ele>
        <time>2026-05-05T10:50:03Z</time>
        <extensions>
          <geotracker:meta c="1.1" s="1.37" />
        </extensions>
      </trkpt>
      <trkpt lat="7.32338833" lon="3.881995">
        <ele>185.1</ele>
        <time>2026-05-05T10:50:07Z</time>
        <extensions>
          <geotracker:meta c="0.77" s="1.32" />
        </extensions>
      </trkpt>
      <trkpt lat="7.32342833" lon="3.88202833">
        <ele>186.8</ele>
        <time>2026-05-05T10:50:10Z</time>
        <extensions>
          <geotracker:meta c="0.61" s="1.31" />
        </extensions>
      </trkpt>
      <trkpt lat="7.32348" lon="3.88203333">
        <ele>187.9</ele>
        <time>2026-05-05T10:50:13Z</time>
        <extensions>
          <geotracker:meta c="5.78" s="1.49" />
        </extensions>
      </trkpt>
      <trkpt lat="7.32351667" lon="3.88200667">
        <ele>187.4</ele>
        <time>2026-05-05T10:50:19Z</time>
        <extensions>
          <geotracker:meta c="6.16" s="1.41" />
        </extensions>
      </trkpt>
      <trkpt lat="7.32357" lon="3.88198833">
        <ele>185.7</ele>
        <time>2026-05-05T10:50:26Z</time>
        <extensions>
          <geotracker:meta c="6.21" s="1.09" />
        </extensions>
      </trkpt>
      <trkpt lat="7.32361667" lon="3.88198333">
        <ele>184.7</ele>
        <time>2026-05-05T10:50:29Z</time>
        <extensions>
          <geotracker:meta c="6.11" s="1.19" />
        </extensions>
      </trkpt>
      <trkpt lat="7.32366167" lon="3.88196">
        <ele>184</ele>
        <time>2026-05-05T10:50:34Z</time>
        <extensions>
          <geotracker:meta c="5.77" s="1.28" />
        </extensions>
      </trkpt>
      <trkpt lat="7.32370833" lon="3.881945">
        <ele>184.8</ele>
        <time>2026-05-05T10:50:39Z</time>
        <extensions>
          <geotracker:meta c="0.71" s="1.12" />
        </extensions>
      </trkpt>
    </trkseg>
    <trkseg>
      <trkpt lat="7.32409833" lon="3.88237333">
        <ele>187.4</ele>
        <time>2026-05-05T11:35:03Z</time>
        <extensions>
          <geotracker:meta c="3.73" s="0.36" />
        </extensions>
      </trkpt>
      <trkpt lat="7.32406333" lon="3.88233333">
        <ele>187.8</ele>
        <time>2026-05-05T11:35:09Z</time>
        <extensions>
          <geotracker:meta c="4.31" s="0.83" />
        </extensions>
      </trkpt>
      <trkpt lat="7.32403333" lon="3.882295">
        <ele>187.1</ele>
        <time>2026-05-05T11:35:17Z</time>
        <extensions>
          <geotracker:meta c="4.04" s="0.72" />
        </extensions>
      </trkpt>
      <trkpt lat="7.32407167" lon="3.88234">
        <ele>187.2</ele>
        <time>2026-05-05T11:35:25Z</time>
        <extensions>
          <geotracker:meta c="1.14" s="0.8" />
        </extensions>
      </trkpt>
      <trkpt lat="7.32411333" lon="3.882395">
        <ele>188.9</ele>
        <time>2026-05-05T11:35:31Z</time>
        <extensions>
          <geotracker:meta c="0.81" s="1.31" />
        </extensions>
      </trkpt>
      <trkpt lat="7.32416667" lon="3.88240333">
        <ele>189.9</ele>
        <time>2026-05-05T11:35:36Z</time>
        <extensions>
          <geotracker:meta c="6.01" s="1.21" />
        </extensions>
      </trkpt>
      <trkpt lat="7.32422167" lon="3.88239833">
        <ele>190.1</ele>
        <time>2026-05-05T11:35:40Z</time>
        <extensions>
          <geotracker:meta c="6.21" s="1.22" />
        </extensions>
      </trkpt>
      <trkpt lat="7.32426667" lon="3.88238333">
        <ele>190.6</ele>
        <time>2026-05-05T11:35:44Z</time>
        <extensions>
          <geotracker:meta c="5.98" s="1.28" />
        </extensions>
      </trkpt>
      <trkpt lat="7.32431" lon="3.88236333">
        <ele>190.7</ele>
        <time>2026-05-05T11:35:48Z</time>
        <extensions>
          <geotracker:meta c="5.8" s="1.29" />
        </extensions>
      </trkpt>
      <trkpt lat="7.32435" lon="3.88234">
        <ele>191.1</ele>
        <time>2026-05-05T11:35:52Z</time>
        <extensions>
          <geotracker:meta c="5.72" s="1.27" />
        </extensions>
      </trkpt>
      <trkpt lat="7.3244" lon="3.88231667">
        <ele>191.9</ele>
        <time>2026-05-05T11:35:57Z</time>
        <extensions>
          <geotracker:meta c="6.06" s="1.19" />
        </extensions>
      </trkpt>
      <trkpt lat="7.32444333" lon="3.88229833">
        <ele>192.3</ele>
        <time>2026-05-05T11:36:02Z</time>
        <extensions>
          <geotracker:meta c="6.21" s="1.1" />
        </extensions>
      </trkpt>
      <trkpt lat="7.32449333" lon="3.88228167">
        <ele>191.3</ele>
        <time>2026-05-05T11:36:07Z</time>
        <extensions>
          <geotracker:meta c="5.95" s="1.18" />
        </extensions>
      </trkpt>
      <trkpt lat="7.32454" lon="3.88226833">
        <ele>189.6</ele>
        <time>2026-05-05T11:36:12Z</time>
        <extensions>
          <geotracker:meta c="6.01" s="1.19" />
        </extensions>
      </trkpt>
      <trkpt lat="7.32458" lon="3.882235">
        <ele>189.3</ele>
        <time>2026-05-05T11:36:16Z</time>
        <extensions>
          <geotracker:meta c="5.9" s="1.24" />
        </extensions>
      </trkpt>
      <trkpt lat="7.324635" lon="3.88222">
        <ele>189.3</ele>
        <time>2026-05-05T11:36:21Z</time>
        <extensions>
          <geotracker:meta c="5.84" s="1.34" />
        </extensions>
      </trkpt>
      <trkpt lat="7.32467667" lon="3.8822">
        <ele>188.8</ele>
        <time>2026-05-05T11:36:25Z</time>
        <extensions>
          <geotracker:meta c="6.07" s="1.3" />
        </extensions>
      </trkpt>
      <trkpt lat="7.32473167" lon="3.88217833">
        <ele>188.6</ele>
        <time>2026-05-05T11:36:32Z</time>
        <extensions>
          <geotracker:meta c="5.89" s="1.03" />
        </extensions>
      </trkpt>
      <trkpt lat="7.32478167" lon="3.88215833">
        <ele>189.5</ele>
        <time>2026-05-05T11:36:38Z</time>
        <extensions>
          <geotracker:meta c="5.88" s="0.87" />
        </extensions>
      </trkpt>
      <trkpt lat="7.32482833" lon="3.882145">
        <ele>189.5</ele>
        <time>2026-05-05T11:36:43Z</time>
        <extensions>
          <geotracker:meta c="5.93" s="1.02" />
        </extensions>
      </trkpt>
      <trkpt lat="7.32487333" lon="3.88213167">
        <ele>190</ele>
        <time>2026-05-05T11:36:47Z</time>
        <extensions>
          <geotracker:meta c="5.84" s="1.12" />
        </extensions>
      </trkpt>
      <trkpt lat="7.32492333" lon="3.882125">
        <ele>190.7</ele>
        <time>2026-05-05T11:36:52Z</time>
        <extensions>
          <geotracker:meta c="5.74" s="1.13" />
        </extensions>
      </trkpt>
      <trkpt lat="7.324975" lon="3.88211667">
        <ele>191.4</ele>
        <time>2026-05-05T11:36:59Z</time>
        <extensions>
          <geotracker:meta c="5.73" s="0.89" />
        </extensions>
      </trkpt>
      <trkpt lat="7.32501333" lon="3.88209167">
        <ele>191.7</ele>
        <time>2026-05-05T11:37:03Z</time>
        <extensions>
          <geotracker:meta c="5.62" s="0.89" />
        </extensions>
      </trkpt>
      <trkpt lat="7.32504667" lon="3.88206">
        <ele>191.4</ele>
        <time>2026-05-05T11:37:09Z</time>
        <extensions>
          <geotracker:meta c="6.03" s="0.97" />
        </extensions>
      </trkpt>
      <trkpt lat="7.32509333" lon="3.88203667">
        <ele>190.4</ele>
        <time>2026-05-05T11:37:15Z</time>
        <extensions>
          <geotracker:meta c="5.98" s="0.88" />
        </extensions>
      </trkpt>
      <trkpt lat="7.32514167" lon="3.88201833">
        <ele>189.7</ele>
        <time>2026-05-05T11:37:21Z</time>
        <extensions>
          <geotracker:meta c="6" s="0.88" />
        </extensions>
      </trkpt>
      <trkpt lat="7.32519" lon="3.88200667">
        <ele>188.8</ele>
        <time>2026-05-05T11:37:27Z</time>
        <extensions>
          <geotracker:meta c="6" s="0.81" />
        </extensions>
      </trkpt>
      <trkpt lat="7.325235" lon="3.88198833">
        <ele>189</ele>
        <time>2026-05-05T11:37:33Z</time>
        <extensions>
          <geotracker:meta c="5.86" s="0.84" />
        </extensions>
      </trkpt>
      <trkpt lat="7.32527167" lon="3.88196167">
        <ele>188.6</ele>
        <time>2026-05-05T11:37:37Z</time>
        <extensions>
          <geotracker:meta c="6.07" s="0.95" />
        </extensions>
      </trkpt>
      <trkpt lat="7.32531833" lon="3.88195667">
        <ele>187.5</ele>
        <time>2026-05-05T11:37:43Z</time>
        <extensions>
          <geotracker:meta c="5.87" s="1.03" />
        </extensions>
      </trkpt>
      <trkpt lat="7.32537" lon="3.88193667">
        <ele>186.6</ele>
        <time>2026-05-05T11:37:48Z</time>
        <extensions>
          <geotracker:meta c="6.03" s="1.07" />
        </extensions>
      </trkpt>
      <trkpt lat="7.32541833" lon="3.88191333">
        <ele>186</ele>
        <time>2026-05-05T11:37:53Z</time>
        <extensions>
          <geotracker:meta c="6.05" s="1.16" />
        </extensions>
      </trkpt>
      <trkpt lat="7.32546" lon="3.88188667">
        <ele>187.7</ele>
        <time>2026-05-05T11:37:58Z</time>
        <extensions>
          <geotracker:meta c="5.77" s="1.11" />
        </extensions>
      </trkpt>
      <trkpt lat="7.32550667" lon="3.88185833">
        <ele>189</ele>
        <time>2026-05-05T11:38:03Z</time>
        <extensions>
          <geotracker:meta c="5.68" s="1.08" />
        </extensions>
      </trkpt>
      <trkpt lat="7.32554833" lon="3.88183833">
        <ele>189.7</ele>
        <time>2026-05-05T11:38:07Z</time>
        <extensions>
          <geotracker:meta c="5.77" s="1.13" />
        </extensions>
      </trkpt>
      <trkpt lat="7.325595" lon="3.88182167">
        <ele>190.1</ele>
        <time>2026-05-05T11:38:12Z</time>
        <extensions>
          <geotracker:meta c="5.83" s="1.13" />
        </extensions>
      </trkpt>
      <trkpt lat="7.32563667" lon="3.8818">
        <ele>189.1</ele>
        <time>2026-05-05T11:38:17Z</time>
        <extensions>
          <geotracker:meta c="5.75" s="1.07" />
        </extensions>
      </trkpt>
      <trkpt lat="7.325685" lon="3.88177833">
        <ele>188.8</ele>
        <time>2026-05-05T11:38:23Z</time>
        <extensions>
          <geotracker:meta c="5.71" s="1.05" />
        </extensions>
      </trkpt>
      <trkpt lat="7.32572833" lon="3.881755">
        <ele>189.1</ele>
        <time>2026-05-05T11:38:28Z</time>
        <extensions>
          <geotracker:meta c="5.94" s="1.06" />
        </extensions>
      </trkpt>
      <trkpt lat="7.32577" lon="3.88173667">
        <ele>190</ele>
        <time>2026-05-05T11:38:33Z</time>
        <extensions>
          <geotracker:meta c="5.83" s="1.07" />
        </extensions>
      </trkpt>
      <trkpt lat="7.32581667" lon="3.88171">
        <ele>190.9</ele>
        <time>2026-05-05T11:38:38Z</time>
        <extensions>
          <geotracker:meta c="5.94" s="1.05" />
        </extensions>
      </trkpt>
      <trkpt lat="7.32586" lon="3.881695">
        <ele>191</ele>
        <time>2026-05-05T11:38:43Z</time>
        <extensions>
          <geotracker:meta c="6.05" s="1.08" />
        </extensions>
      </trkpt>
      <trkpt lat="7.32590167" lon="3.88167333">
        <ele>191.8</ele>
        <time>2026-05-05T11:38:48Z</time>
        <extensions>
          <geotracker:meta c="6.17" s="1.07" />
        </extensions>
      </trkpt>
      <trkpt lat="7.32595" lon="3.881655">
        <ele>192.1</ele>
        <time>2026-05-05T11:38:53Z</time>
        <extensions>
          <geotracker:meta c="5.87" s="1.08" />
        </extensions>
      </trkpt>
      <trkpt lat="7.32599333" lon="3.88163167">
        <ele>191.7</ele>
        <time>2026-05-05T11:38:58Z</time>
        <extensions>
          <geotracker:meta c="5.75" s="1.01" />
        </extensions>
      </trkpt>
      <trkpt lat="7.32603667" lon="3.881615">
        <ele>191.6</ele>
        <time>2026-05-05T11:39:03Z</time>
        <extensions>
          <geotracker:meta c="6.02" s="0.98" />
        </extensions>
      </trkpt>
      <trkpt lat="7.32608667" lon="3.881595">
        <ele>192</ele>
        <time>2026-05-05T11:39:09Z</time>
        <extensions>
          <geotracker:meta c="5.93" s="1.05" />
        </extensions>
      </trkpt>
      <trkpt lat="7.32613167" lon="3.88157333">
        <ele>192.1</ele>
        <time>2026-05-05T11:39:20Z</time>
        <extensions>
          <geotracker:meta c="5.94" s="0.53" />
        </extensions>
      </trkpt>
      <trkpt lat="7.326175" lon="3.88155667">
        <ele>192.8</ele>
        <time>2026-05-05T11:39:25Z</time>
        <extensions>
          <geotracker:meta c="5.99" s="0.83" />
        </extensions>
      </trkpt>
      <trkpt lat="7.32622333" lon="3.88153167">
        <ele>192.9</ele>
        <time>2026-05-05T11:39:30Z</time>
        <extensions>
          <geotracker:meta c="5.75" s="1.06" />
        </extensions>
      </trkpt>
      <trkpt lat="7.32626833" lon="3.88151167">
        <ele>192.1</ele>
        <time>2026-05-05T11:39:35Z</time>
        <extensions>
          <geotracker:meta c="5.97" s="1.04" />
        </extensions>
      </trkpt>
      <trkpt lat="7.32631" lon="3.88149">
        <ele>192.1</ele>
        <time>2026-05-05T11:39:40Z</time>
        <extensions>
          <geotracker:meta c="5.62" s="1" />
        </extensions>
      </trkpt>
      <trkpt lat="7.32635667" lon="3.88147167">
        <ele>191.9</ele>
        <time>2026-05-05T11:39:46Z</time>
        <extensions>
          <geotracker:meta c="5.89" s="0.95" />
        </extensions>
      </trkpt>
      <trkpt lat="7.326405" lon="3.88145">
        <ele>192.3</ele>
        <time>2026-05-05T11:39:51Z</time>
        <extensions>
          <geotracker:meta c="5.8" s="1.01" />
        </extensions>
      </trkpt>
      <trkpt lat="7.32645333" lon="3.88144167">
        <ele>192.2</ele>
        <time>2026-05-05T11:39:56Z</time>
        <extensions>
          <geotracker:meta c="5.8" s="1.13" />
        </extensions>
      </trkpt>
      <trkpt lat="7.326495" lon="3.881415">
        <ele>190.4</ele>
        <time>2026-05-05T11:40:01Z</time>
        <extensions>
          <geotracker:meta c="5.61" s="1.18" />
        </extensions>
      </trkpt>
      <trkpt lat="7.32653333" lon="3.88139">
        <ele>189.5</ele>
        <time>2026-05-05T11:40:05Z</time>
        <extensions>
          <geotracker:meta c="5.69" s="1.21" />
        </extensions>
      </trkpt>
      <trkpt lat="7.32657833" lon="3.881365">
        <ele>190.6</ele>
        <time>2026-05-05T11:40:13Z</time>
        <extensions>
          <geotracker:meta c="6.08" s="0.86" />
        </extensions>
      </trkpt>
      <trkpt lat="7.326625" lon="3.88135">
        <ele>190.5</ele>
        <time>2026-05-05T11:40:18Z</time>
        <extensions>
          <geotracker:meta c="5.85" s="0.85" />
        </extensions>
      </trkpt>
      <trkpt lat="7.32666667" lon="3.88133167">
        <ele>190.7</ele>
        <time>2026-05-05T11:40:22Z</time>
        <extensions>
          <geotracker:meta c="5.89" s="1.14" />
        </extensions>
      </trkpt>
      <trkpt lat="7.32671" lon="3.88130667">
        <ele>190.8</ele>
        <time>2026-05-05T11:40:26Z</time>
        <extensions>
          <geotracker:meta c="5.79" s="1.21" />
        </extensions>
      </trkpt>
      <trkpt lat="7.32675833" lon="3.88129">
        <ele>192</ele>
        <time>2026-05-05T11:40:31Z</time>
        <extensions>
          <geotracker:meta c="6.12" s="1.17" />
        </extensions>
      </trkpt>
      <trkpt lat="7.326805" lon="3.881265">
        <ele>192</ele>
        <time>2026-05-05T11:40:36Z</time>
        <extensions>
          <geotracker:meta c="5.84" s="1.12" />
        </extensions>
      </trkpt>
      <trkpt lat="7.32685333" lon="3.88123667">
        <ele>192.6</ele>
        <time>2026-05-05T11:40:41Z</time>
        <extensions>
          <geotracker:meta c="5.74" s="1.15" />
        </extensions>
      </trkpt>
      <trkpt lat="7.32689667" lon="3.88122">
        <ele>192.6</ele>
        <time>2026-05-05T11:40:45Z</time>
        <extensions>
          <geotracker:meta c="5.71" s="1.2" />
        </extensions>
      </trkpt>
      <trkpt lat="7.32694667" lon="3.88119333">
        <ele>193.2</ele>
        <time>2026-05-05T11:40:50Z</time>
        <extensions>
          <geotracker:meta c="5.68" s="1.21" />
        </extensions>
      </trkpt>
      <trkpt lat="7.32698667" lon="3.88117">
        <ele>193.7</ele>
        <time>2026-05-05T11:40:54Z</time>
        <extensions>
          <geotracker:meta c="5.72" s="1.2" />
        </extensions>
      </trkpt>
      <trkpt lat="7.32702667" lon="3.88114167">
        <ele>195</ele>
        <time>2026-05-05T11:40:59Z</time>
        <extensions>
          <geotracker:meta c="5.55" s="1.17" />
        </extensions>
      </trkpt>
      <trkpt lat="7.32707" lon="3.88111167">
        <ele>196.9</ele>
        <time>2026-05-05T11:41:04Z</time>
        <extensions>
          <geotracker:meta c="5.56" s="1.14" />
        </extensions>
      </trkpt>
      <trkpt lat="7.32711" lon="3.88108333">
        <ele>198.2</ele>
        <time>2026-05-05T11:41:10Z</time>
        <extensions>
          <geotracker:meta c="5.55" s="1.01" />
        </extensions>
      </trkpt>
      <trkpt lat="7.32714833" lon="3.881055">
        <ele>197.6</ele>
        <time>2026-05-05T11:41:15Z</time>
        <extensions>
          <geotracker:meta c="5.59" s="0.95" />
        </extensions>
      </trkpt>
      <trkpt lat="7.32719167" lon="3.88102333">
        <ele>196.7</ele>
        <time>2026-05-05T11:41:21Z</time>
        <extensions>
          <geotracker:meta c="5.68" s="1.02" />
        </extensions>
      </trkpt>
      <trkpt lat="7.32723" lon="3.880995">
        <ele>196.9</ele>
        <time>2026-05-05T11:41:28Z</time>
        <extensions>
          <geotracker:meta c="5.44" s="0.78" />
        </extensions>
      </trkpt>
      <trkpt lat="7.32726167" lon="3.88095833">
        <ele>197.7</ele>
        <time>2026-05-05T11:41:36Z</time>
        <extensions>
          <geotracker:meta c="5.35" s="0.6" />
        </extensions>
      </trkpt>
      <trkpt lat="7.32730167" lon="3.88092667">
        <ele>197.9</ele>
        <time>2026-05-05T11:41:41Z</time>
        <extensions>
          <geotracker:meta c="5.4" s="0.99" />
        </extensions>
      </trkpt>
      <trkpt lat="7.32733167" lon="3.88089167">
        <ele>199</ele>
        <time>2026-05-05T11:41:46Z</time>
        <extensions>
          <geotracker:meta c="5.27" s="1.01" />
        </extensions>
      </trkpt>
      <trkpt lat="7.32737" lon="3.880865">
        <ele>198</ele>
        <time>2026-05-05T11:41:52Z</time>
        <extensions>
          <geotracker:meta c="5.8" s="0.81" />
        </extensions>
      </trkpt>
      <trkpt lat="7.32741167" lon="3.88084167">
        <ele>199.5</ele>
        <time>2026-05-05T11:41:58Z</time>
        <extensions>
          <geotracker:meta c="5.51" s="0.65" />
        </extensions>
      </trkpt>
      <trkpt lat="7.32746" lon="3.88080833">
        <ele>200.9</ele>
        <time>2026-05-05T11:42:06Z</time>
        <extensions>
          <geotracker:meta c="5.49" s="0.71" />
        </extensions>
      </trkpt>
      <trkpt lat="7.32750167" lon="3.88078">
        <ele>201.3</ele>
        <time>2026-05-05T11:42:12Z</time>
        <extensions>
          <geotracker:meta c="5.47" s="0.99" />
        </extensions>
      </trkpt>
      <trkpt lat="7.32754167" lon="3.880745">
        <ele>202.2</ele>
        <time>2026-05-05T11:42:19Z</time>
        <extensions>
          <geotracker:meta c="5.85" s="0.8" />
        </extensions>
      </trkpt>
      <trkpt lat="7.327575" lon="3.88071167">
        <ele>202.7</ele>
        <time>2026-05-05T11:42:23Z</time>
        <extensions>
          <geotracker:meta c="6.01" s="0.94" />
        </extensions>
      </trkpt>
      <trkpt lat="7.32761167" lon="3.880685">
        <ele>202.8</ele>
        <time>2026-05-05T11:42:27Z</time>
        <extensions>
          <geotracker:meta c="5.69" s="1.1" />
        </extensions>
      </trkpt>
      <trkpt lat="7.32764833" lon="3.88065833">
        <ele>203.4</ele>
        <time>2026-05-05T11:42:32Z</time>
        <extensions>
          <geotracker:meta c="5.53" s="1.04" />
        </extensions>
      </trkpt>
      <trkpt lat="7.32769" lon="3.88064">
        <ele>202.6</ele>
        <time>2026-05-05T11:42:39Z</time>
        <extensions>
          <geotracker:meta c="5.76" s="0.83" />
        </extensions>
      </trkpt>
      <trkpt lat="7.32772667" lon="3.88060667">
        <ele>202.6</ele>
        <time>2026-05-05T11:42:46Z</time>
        <extensions>
          <geotracker:meta c="5.84" s="0.71" />
        </extensions>
      </trkpt>
      <trkpt lat="7.32776833" lon="3.880575">
        <ele>203</ele>
        <time>2026-05-05T11:42:52Z</time>
        <extensions>
          <geotracker:meta c="5.36" s="0.79" />
        </extensions>
      </trkpt>
      <trkpt lat="7.32781333" lon="3.88055">
        <ele>203</ele>
        <time>2026-05-05T11:43:06Z</time>
        <extensions>
          <geotracker:meta c="6.06" s="0.49" />
        </extensions>
      </trkpt>
      <trkpt lat="7.32784833" lon="3.88051667">
        <ele>202.7</ele>
        <time>2026-05-05T11:43:13Z</time>
        <extensions>
          <geotracker:meta c="5.54" s="0.74" />
        </extensions>
      </trkpt>
      <trkpt lat="7.32789333" lon="3.88049">
        <ele>202.5</ele>
        <time>2026-05-05T11:43:19Z</time>
        <extensions>
          <geotracker:meta c="5.78" s="0.77" />
        </extensions>
      </trkpt>
      <trkpt lat="7.32793833" lon="3.88047">
        <ele>203.2</ele>
        <time>2026-05-05T11:43:24Z</time>
        <extensions>
          <geotracker:meta c="5.92" s="0.95" />
        </extensions>
      </trkpt>
      <trkpt lat="7.327985" lon="3.88045833">
        <ele>202.9</ele>
        <time>2026-05-05T11:43:30Z</time>
        <extensions>
          <geotracker:meta c="6.26" s="0.93" />
        </extensions>
      </trkpt>
      <trkpt lat="7.32803667" lon="3.880445">
        <ele>202.1</ele>
        <time>2026-05-05T11:43:37Z</time>
        <extensions>
          <geotracker:meta c="6.23" s="0.9" />
        </extensions>
      </trkpt>
      <trkpt lat="7.32808667" lon="3.88042333">
        <ele>202.3</ele>
        <time>2026-05-05T11:43:42Z</time>
        <extensions>
          <geotracker:meta c="5.72" s="1.01" />
        </extensions>
      </trkpt>
      <trkpt lat="7.32813667" lon="3.88040167">
        <ele>202.1</ele>
        <time>2026-05-05T11:43:47Z</time>
        <extensions>
          <geotracker:meta c="5.87" s="1.19" />
        </extensions>
      </trkpt>
      <trkpt lat="7.32818333" lon="3.88038">
        <ele>201.1</ele>
        <time>2026-05-05T11:43:52Z</time>
        <extensions>
          <geotracker:meta c="5.79" s="1.16" />
        </extensions>
      </trkpt>
      <trkpt lat="7.32821667" lon="3.88034833">
        <ele>201.7</ele>
        <time>2026-05-05T11:43:59Z</time>
        <extensions>
          <geotracker:meta c="5.64" s="0.78" />
        </extensions>
      </trkpt>
      <trkpt lat="7.32826" lon="3.88032">
        <ele>202.9</ele>
        <time>2026-05-05T11:44:03Z</time>
        <extensions>
          <geotracker:meta c="5.9" s="0.98" />
        </extensions>
      </trkpt>
      <trkpt lat="7.32829833" lon="3.88029333">
        <ele>203.5</ele>
        <time>2026-05-05T11:44:08Z</time>
        <extensions>
          <geotracker:meta c="5.72" s="1.18" />
        </extensions>
      </trkpt>
    </trkseg>
    <trkseg>
      <trkpt lat="7.32810333" lon="3.88041667">
        <ele>205.8</ele>
        <time>2026-05-05T13:13:05Z</time>
        <extensions>
          <geotracker:meta c="0.86" s="0.33" />
        </extensions>
      </trkpt>
      <trkpt lat="7.32813667" lon="3.88047333">
        <ele>205.2</ele>
        <time>2026-05-05T13:13:47Z</time>
        <extensions>
          <geotracker:meta c="0.86" s="0.3" />
        </extensions>
      </trkpt>
      <trkpt lat="7.32816833" lon="3.88051833">
        <ele>203.6</ele>
        <time>2026-05-05T13:13:54Z</time>
        <extensions>
          <geotracker:meta c="1.03" s="0.76" />
        </extensions>
      </trkpt>
      <trkpt lat="7.328205" lon="3.88056167">
        <ele>203.1</ele>
        <time>2026-05-05T13:13:58Z</time>
        <extensions>
          <geotracker:meta c="1.15" s="1.02" />
        </extensions>
      </trkpt>
      <trkpt lat="7.32824167" lon="3.88060167">
        <ele>203.4</ele>
        <time>2026-05-05T13:14:03Z</time>
        <extensions>
          <geotracker:meta c="0.87" s="1.26" />
        </extensions>
      </trkpt>
      <trkpt lat="7.32827167" lon="3.88063833">
        <ele>204.4</ele>
        <time>2026-05-05T13:14:07Z</time>
        <extensions>
          <geotracker:meta c="0.99" s="1.28" />
        </extensions>
      </trkpt>
      <trkpt lat="7.32831" lon="3.880675">
        <ele>205.2</ele>
        <time>2026-05-05T13:14:11Z</time>
        <extensions>
          <geotracker:meta c="0.69" s="1.26" />
        </extensions>
      </trkpt>
      <trkpt lat="7.32834667" lon="3.88071667">
        <ele>206.2</ele>
        <time>2026-05-05T13:14:15Z</time>
        <extensions>
          <geotracker:meta c="1.23" s="1.28" />
        </extensions>
      </trkpt>
      <trkpt lat="7.328375" lon="3.880755">
        <ele>206.5</ele>
        <time>2026-05-05T13:14:19Z</time>
        <extensions>
          <geotracker:meta c="1.18" s="1.19" />
        </extensions>
      </trkpt>
      <trkpt lat="7.32838333" lon="3.88080333">
        <ele>207.9</ele>
        <time>2026-05-05T13:14:23Z</time>
        <extensions>
          <geotracker:meta c="1.79" s="1.15" />
        </extensions>
      </trkpt>
      <trkpt lat="7.32835333" lon="3.88084833">
        <ele>208.7</ele>
        <time>2026-05-05T13:14:27Z</time>
        <extensions>
          <geotracker:meta c="2.13" s="1.13" />
        </extensions>
      </trkpt>
      <trkpt lat="7.32833333" lon="3.880895">
        <ele>207.2</ele>
        <time>2026-05-05T13:14:32Z</time>
        <extensions>
          <geotracker:meta c="1.38" s="1.1" />
        </extensions>
      </trkpt>
      <trkpt lat="7.32834167" lon="3.88094">
        <ele>206.5</ele>
        <time>2026-05-05T13:14:36Z</time>
        <extensions>
          <geotracker:meta c="1.28" s="1.14" />
        </extensions>
      </trkpt>
      <trkpt lat="7.32836333" lon="3.88099">
        <ele>206.8</ele>
        <time>2026-05-05T13:14:41Z</time>
        <extensions>
          <geotracker:meta c="1.27" s="1.2" />
        </extensions>
      </trkpt>
      <trkpt lat="7.32839167" lon="3.88103833">
        <ele>207.2</ele>
        <time>2026-05-05T13:14:46Z</time>
        <extensions>
          <geotracker:meta c="1.16" s="1.23" />
        </extensions>
      </trkpt>
      <trkpt lat="7.32841167" lon="3.88109">
        <ele>208.5</ele>
        <time>2026-05-05T13:14:50Z</time>
        <extensions>
          <geotracker:meta c="1.08" s="1.31" />
        </extensions>
      </trkpt>
      <trkpt lat="7.328415" lon="3.88114">
        <ele>211.3</ele>
        <time>2026-05-05T13:14:54Z</time>
        <extensions>
          <geotracker:meta c="1.31" s="1.31" />
        </extensions>
      </trkpt>
      <trkpt lat="7.32842333" lon="3.88119333">
        <ele>212.4</ele>
        <time>2026-05-05T13:14:58Z</time>
        <extensions>
          <geotracker:meta c="1.3" s="1.22" />
        </extensions>
      </trkpt>
      <trkpt lat="7.32842833" lon="3.88124167">
        <ele>213.1</ele>
        <time>2026-05-05T13:15:01Z</time>
        <extensions>
          <geotracker:meta c="1.25" s="1.21" />
        </extensions>
      </trkpt>
      <trkpt lat="7.32843833" lon="3.88128667">
        <ele>214.4</ele>
        <time>2026-05-05T13:15:04Z</time>
        <extensions>
          <geotracker:meta c="1.66" s="1.25" />
        </extensions>
      </trkpt>
      <trkpt lat="7.328455" lon="3.88133333">
        <ele>213.8</ele>
        <time>2026-05-05T13:15:08Z</time>
        <extensions>
          <geotracker:meta c="1.11" s="1.2" />
        </extensions>
      </trkpt>
      <trkpt lat="7.32848333" lon="3.88137167">
        <ele>213.2</ele>
        <time>2026-05-05T13:15:12Z</time>
        <extensions>
          <geotracker:meta c="1.08" s="1.12" />
        </extensions>
      </trkpt>
      <trkpt lat="7.32853167" lon="3.881385">
        <ele>210.5</ele>
        <time>2026-05-05T13:15:17Z</time>
        <extensions>
          <geotracker:meta c="6.01" s="1.19" />
        </extensions>
      </trkpt>
      <trkpt lat="7.32858" lon="3.88136333">
        <ele>209.2</ele>
        <time>2026-05-05T13:15:21Z</time>
        <extensions>
          <geotracker:meta c="5.64" s="1.43" />
        </extensions>
      </trkpt>
      <trkpt lat="7.32862667" lon="3.88132833">
        <ele>208.3</ele>
        <time>2026-05-05T13:15:25Z</time>
        <extensions>
          <geotracker:meta c="5.63" s="1.48" />
        </extensions>
      </trkpt>
      <trkpt lat="7.32866667" lon="3.88129833">
        <ele>208.4</ele>
        <time>2026-05-05T13:15:29Z</time>
        <extensions>
          <geotracker:meta c="5.73" s="1.42" />
        </extensions>
      </trkpt>
      <trkpt lat="7.32871833" lon="3.88127333">
        <ele>208.1</ele>
        <time>2026-05-05T13:15:33Z</time>
        <extensions>
          <geotracker:meta c="5.85" s="1.38" />
        </extensions>
      </trkpt>
      <trkpt lat="7.32877167" lon="3.88128167">
        <ele>210.6</ele>
        <time>2026-05-05T13:15:39Z</time>
        <extensions>
          <geotracker:meta c="0.71" s="1.15" />
        </extensions>
      </trkpt>
      <trkpt lat="7.328795" lon="3.881325">
        <ele>211.6</ele>
        <time>2026-05-05T13:15:43Z</time>
        <extensions>
          <geotracker:meta c="1.43" s="0.9" />
        </extensions>
      </trkpt>
      <trkpt lat="7.32882667" lon="3.88136167">
        <ele>212.5</ele>
        <time>2026-05-05T13:15:48Z</time>
        <extensions>
          <geotracker:meta c="0.87" s="0.66" />
        </extensions>
      </trkpt>
      <trkpt lat="7.328795" lon="3.88132">
        <ele>215.7</ele>
        <time>2026-05-05T13:16:05Z</time>
        <extensions>
          <geotracker:meta c="4.11" s="0.59" />
        </extensions>
      </trkpt>
      <trkpt lat="7.32872167" lon="3.88129833">
        <ele>214.7</ele>
        <time>2026-05-05T13:16:13Z</time>
        <extensions>
          <geotracker:meta c="2.83" s="0.88" />
        </extensions>
      </trkpt>
      <trkpt lat="7.328675" lon="3.88132667">
        <ele>214.7</ele>
        <time>2026-05-05T13:16:17Z</time>
        <extensions>
          <geotracker:meta c="2.19" s="0.93" />
        </extensions>
      </trkpt>
      <trkpt lat="7.32862833" lon="3.88133833">
        <ele>214.7</ele>
        <time>2026-05-05T13:16:21Z</time>
        <extensions>
          <geotracker:meta c="2.64" s="1.06" />
        </extensions>
      </trkpt>
      <trkpt lat="7.32858167" lon="3.88136333">
        <ele>213.9</ele>
        <time>2026-05-05T13:16:24Z</time>
        <extensions>
          <geotracker:meta c="2.78" s="1.34" />
        </extensions>
      </trkpt>
      <trkpt lat="7.32855167" lon="3.88140333">
        <ele>212.2</ele>
        <time>2026-05-05T13:16:29Z</time>
        <extensions>
          <geotracker:meta c="1.72" s="1.38" />
        </extensions>
      </trkpt>
      <trkpt lat="7.32855833" lon="3.88145333">
        <ele>211.7</ele>
        <time>2026-05-05T13:16:33Z</time>
        <extensions>
          <geotracker:meta c="1.2" s="1.19" />
        </extensions>
      </trkpt>
      <trkpt lat="7.32857333" lon="3.88149833">
        <ele>211.9</ele>
        <time>2026-05-05T13:16:37Z</time>
        <extensions>
          <geotracker:meta c="1.03" s="1.1" />
        </extensions>
      </trkpt>
      <trkpt lat="7.3286" lon="3.881545">
        <ele>213.3</ele>
        <time>2026-05-05T13:16:42Z</time>
        <extensions>
          <geotracker:meta c="1.44" s="1.19" />
        </extensions>
      </trkpt>
      <trkpt lat="7.32859667" lon="3.88159167">
        <ele>213.5</ele>
        <time>2026-05-05T13:16:48Z</time>
        <extensions>
          <geotracker:meta c="1.58" s="0.92" />
        </extensions>
      </trkpt>
      <trkpt lat="7.32856333" lon="3.88163667">
        <ele>211.1</ele>
        <time>2026-05-05T13:16:54Z</time>
        <extensions>
          <geotracker:meta c="2.2" s="0.76" />
        </extensions>
      </trkpt>
      <trkpt lat="7.328505" lon="3.88164667">
        <ele>207.3</ele>
        <time>2026-05-05T13:17:10Z</time>
        <extensions>
          <geotracker:meta c="2.48" s="0.25" />
        </extensions>
      </trkpt>
      <trkpt lat="7.32845833" lon="3.88167333">
        <ele>205.3</ele>
        <time>2026-05-05T13:17:15Z</time>
        <extensions>
          <geotracker:meta c="2.44" s="0.76" />
        </extensions>
      </trkpt>
      <trkpt lat="7.32842" lon="3.881715">
        <ele>204.8</ele>
        <time>2026-05-05T13:17:20Z</time>
        <extensions>
          <geotracker:meta c="2.75" s="1.09" />
        </extensions>
      </trkpt>
      <trkpt lat="7.32837167" lon="3.88174667">
        <ele>203.7</ele>
        <time>2026-05-05T13:17:24Z</time>
        <extensions>
          <geotracker:meta c="2.81" s="1.17" />
        </extensions>
      </trkpt>
      <trkpt lat="7.32831833" lon="3.88172667">
        <ele>202.7</ele>
        <time>2026-05-05T13:17:30Z</time>
        <extensions>
          <geotracker:meta c="3.83" s="1.17" />
        </extensions>
      </trkpt>
      <trkpt lat="7.32829333" lon="3.88168167">
        <ele>201.7</ele>
        <time>2026-05-05T13:17:34Z</time>
        <extensions>
          <geotracker:meta c="4.29" s="1.16" />
        </extensions>
      </trkpt>
      <trkpt lat="7.328265" lon="3.881645">
        <ele>201.8</ele>
        <time>2026-05-05T13:17:38Z</time>
        <extensions>
          <geotracker:meta c="4.08" s="1.24" />
        </extensions>
      </trkpt>
      <trkpt lat="7.328225" lon="3.88160833">
        <ele>201.9</ele>
        <time>2026-05-05T13:17:43Z</time>
        <extensions>
          <geotracker:meta c="4.1" s="1.16" />
        </extensions>
      </trkpt>
      <trkpt lat="7.3282" lon="3.881565">
        <ele>201.3</ele>
        <time>2026-05-05T13:17:47Z</time>
        <extensions>
          <geotracker:meta c="4.28" s="1.17" />
        </extensions>
      </trkpt>
      <trkpt lat="7.32818667" lon="3.88152">
        <ele>201.7</ele>
        <time>2026-05-05T13:17:51Z</time>
        <extensions>
          <geotracker:meta c="4.19" s="1.22" />
        </extensions>
      </trkpt>
      <trkpt lat="7.32815167" lon="3.88147333">
        <ele>201.5</ele>
        <time>2026-05-05T13:17:56Z</time>
        <extensions>
          <geotracker:meta c="4.07" s="1.27" />
        </extensions>
      </trkpt>
      <trkpt lat="7.32813333" lon="3.88142667">
        <ele>201.8</ele>
        <time>2026-05-05T13:18:00Z</time>
        <extensions>
          <geotracker:meta c="4.14" s="1.26" />
        </extensions>
      </trkpt>
      <trkpt lat="7.32810833" lon="3.88138">
        <ele>203</ele>
        <time>2026-05-05T13:18:04Z</time>
        <extensions>
          <geotracker:meta c="4.46" s="1.28" />
        </extensions>
      </trkpt>
      <trkpt lat="7.32808333" lon="3.88133667">
        <ele>201.9</ele>
        <time>2026-05-05T13:18:08Z</time>
        <extensions>
          <geotracker:meta c="4.28" s="1.29" />
        </extensions>
      </trkpt>
      <trkpt lat="7.32805667" lon="3.88129167">
        <ele>200.3</ele>
        <time>2026-05-05T13:18:12Z</time>
        <extensions>
          <geotracker:meta c="4.55" s="1.34" />
        </extensions>
      </trkpt>
      <trkpt lat="7.328035" lon="3.88125167">
        <ele>199.9</ele>
        <time>2026-05-05T13:18:16Z</time>
        <extensions>
          <geotracker:meta c="4.26" s="1.39" />
        </extensions>
      </trkpt>
      <trkpt lat="7.32800833" lon="3.88121333">
        <ele>199.9</ele>
        <time>2026-05-05T13:18:21Z</time>
        <extensions>
          <geotracker:meta c="4.14" s="1.31" />
        </extensions>
      </trkpt>
      <trkpt lat="7.32798667" lon="3.881165">
        <ele>200.6</ele>
        <time>2026-05-05T13:18:25Z</time>
        <extensions>
          <geotracker:meta c="4.6" s="1.29" />
        </extensions>
      </trkpt>
      <trkpt lat="7.32798" lon="3.88112">
        <ele>201.2</ele>
        <time>2026-05-05T13:18:29Z</time>
        <extensions>
          <geotracker:meta c="5.17" s="1.26" />
        </extensions>
      </trkpt>
      <trkpt lat="7.32801333" lon="3.88108">
        <ele>202.1</ele>
        <time>2026-05-05T13:18:34Z</time>
        <extensions>
          <geotracker:meta c="5.73" s="1.21" />
        </extensions>
      </trkpt>
      <trkpt lat="7.32804833" lon="3.88104">
        <ele>203.9</ele>
        <time>2026-05-05T13:18:38Z</time>
        <extensions>
          <geotracker:meta c="5.72" s="1.2" />
        </extensions>
      </trkpt>
      <trkpt lat="7.32808167" lon="3.88100667">
        <ele>205.1</ele>
        <time>2026-05-05T13:18:42Z</time>
        <extensions>
          <geotracker:meta c="5.55" s="1.13" />
        </extensions>
      </trkpt>
      <trkpt lat="7.328115" lon="3.880975">
        <ele>205.7</ele>
        <time>2026-05-05T13:18:45Z</time>
        <extensions>
          <geotracker:meta c="5.52" s="1.19" />
        </extensions>
      </trkpt>
      <trkpt lat="7.32814833" lon="3.88094167">
        <ele>205.6</ele>
        <time>2026-05-05T13:18:48Z</time>
        <extensions>
          <geotracker:meta c="5.49" s="1.23" />
        </extensions>
      </trkpt>
      <trkpt lat="7.328195" lon="3.88091333">
        <ele>205.1</ele>
        <time>2026-05-05T13:18:52Z</time>
        <extensions>
          <geotracker:meta c="5.6" s="1.29" />
        </extensions>
      </trkpt>
      <trkpt lat="7.32824167" lon="3.880895">
        <ele>205.5</ele>
        <time>2026-05-05T13:18:56Z</time>
        <extensions>
          <geotracker:meta c="5.58" s="1.26" />
        </extensions>
      </trkpt>
      <trkpt lat="7.32828333" lon="3.88086833">
        <ele>206.6</ele>
        <time>2026-05-05T13:19:00Z</time>
        <extensions>
          <geotracker:meta c="5.61" s="1.2" />
        </extensions>
      </trkpt>
      <trkpt lat="7.32831667" lon="3.88083167">
        <ele>207.1</ele>
        <time>2026-05-05T13:19:05Z</time>
        <extensions>
          <geotracker:meta c="5.44" s="1.06" />
        </extensions>
      </trkpt>
      <trkpt lat="7.32835667" lon="3.88079833">
        <ele>207.9</ele>
        <time>2026-05-05T13:19:10Z</time>
        <extensions>
          <geotracker:meta c="5.18" s="0.98" />
        </extensions>
      </trkpt>
      <trkpt lat="7.32838333" lon="3.88076167">
        <ele>209.9</ele>
        <time>2026-05-05T13:19:25Z</time>
        <extensions>
          <geotracker:meta c="4.79" s="0.3" />
        </extensions>
      </trkpt>
    </trkseg>
    <trkseg>
      <trkpt lat="7.327955" lon="3.88116">
        <ele>207.3</ele>
        <time>2026-05-05T13:20:58Z</time>
        <extensions>
          <geotracker:meta c="4.68" s="0" />
        </extensions>
      </trkpt>
      <trkpt lat="7.327955" lon="3.881095">
        <ele>206.3</ele>
        <time>2026-05-05T13:21:14Z</time>
        <extensions>
          <geotracker:meta c="4.79" s="0.4" />
        </extensions>
      </trkpt>
      <trkpt lat="7.327995" lon="3.88106833">
        <ele>205.7</ele>
        <time>2026-05-05T13:21:26Z</time>
        <extensions>
          <geotracker:meta c="5.59" s="0.41" />
        </extensions>
      </trkpt>
      <trkpt lat="7.328035" lon="3.88104333">
        <ele>206.6</ele>
        <time>2026-05-05T13:21:31Z</time>
        <extensions>
          <geotracker:meta c="5.79" s="0.76" />
        </extensions>
      </trkpt>
      <trkpt lat="7.32806667" lon="3.88100833">
        <ele>207.5</ele>
        <time>2026-05-05T13:21:37Z</time>
        <extensions>
          <geotracker:meta c="5.62" s="0.74" />
        </extensions>
      </trkpt>
      <trkpt lat="7.328095" lon="3.88097167">
        <ele>206.8</ele>
        <time>2026-05-05T13:21:43Z</time>
        <extensions>
          <geotracker:meta c="4.94" s="0.75" />
        </extensions>
      </trkpt>
      <trkpt lat="7.32814" lon="3.88095833">
        <ele>207.3</ele>
        <time>2026-05-05T13:21:49Z</time>
        <extensions>
          <geotracker:meta c="5.83" s="0.77" />
        </extensions>
      </trkpt>
      <trkpt lat="7.3281" lon="3.88099667">
        <ele>205.3</ele>
        <time>2026-05-05T13:21:59Z</time>
        <extensions>
          <geotracker:meta c="2.59" s="0.71" />
        </extensions>
      </trkpt>
      <trkpt lat="7.32803333" lon="3.88102167">
        <ele>204.7</ele>
        <time>2026-05-05T13:22:06Z</time>
        <extensions>
          <geotracker:meta c="2.18" s="0.92" />
        </extensions>
      </trkpt>
      <trkpt lat="7.32800167" lon="3.88105667">
        <ele>204</ele>
        <time>2026-05-05T13:22:11Z</time>
        <extensions>
          <geotracker:meta c="2.43" s="0.88" />
        </extensions>
      </trkpt>
      <trkpt lat="7.32797333" lon="3.88109667">
        <ele>205.2</ele>
        <time>2026-05-05T13:22:15Z</time>
        <extensions>
          <geotracker:meta c="2.37" s="0.99" />
        </extensions>
      </trkpt>
      <trkpt lat="7.32795" lon="3.88113833">
        <ele>205.4</ele>
        <time>2026-05-05T13:22:19Z</time>
        <extensions>
          <geotracker:meta c="1.89" s="1.07" />
        </extensions>
      </trkpt>
      <trkpt lat="7.32793833" lon="3.88118833">
        <ele>203.9</ele>
        <time>2026-05-05T13:22:24Z</time>
        <extensions>
          <geotracker:meta c="1.56" s="1.05" />
        </extensions>
      </trkpt>
      <trkpt lat="7.32794333" lon="3.88124667">
        <ele>201.9</ele>
        <time>2026-05-05T13:22:29Z</time>
        <extensions>
          <geotracker:meta c="1.64" s="1.02" />
        </extensions>
      </trkpt>
      <trkpt lat="7.32794667" lon="3.88130333">
        <ele>200.8</ele>
        <time>2026-05-05T13:22:33Z</time>
        <extensions>
          <geotracker:meta c="1.54" s="1.05" />
        </extensions>
      </trkpt>
      <trkpt lat="7.32794333" lon="3.88135167">
        <ele>200.5</ele>
        <time>2026-05-05T13:22:37Z</time>
        <extensions>
          <geotracker:meta c="1.72" s="1.12" />
        </extensions>
      </trkpt>
      <trkpt lat="7.32793833" lon="3.88140333">
        <ele>199.4</ele>
        <time>2026-05-05T13:22:41Z</time>
        <extensions>
          <geotracker:meta c="1.56" s="1.12" />
        </extensions>
      </trkpt>
      <trkpt lat="7.32794167" lon="3.88145">
        <ele>200.8</ele>
        <time>2026-05-05T13:22:46Z</time>
        <extensions>
          <geotracker:meta c="1.56" s="1.14" />
        </extensions>
      </trkpt>
      <trkpt lat="7.32795167" lon="3.8815">
        <ele>202</ele>
        <time>2026-05-05T13:22:50Z</time>
        <extensions>
          <geotracker:meta c="1.59" s="1.2" />
        </extensions>
      </trkpt>
      <trkpt lat="7.32795833" lon="3.88155167">
        <ele>202.1</ele>
        <time>2026-05-05T13:22:54Z</time>
        <extensions>
          <geotracker:meta c="1.33" s="1.25" />
        </extensions>
      </trkpt>
      <trkpt lat="7.32796" lon="3.881605">
        <ele>201.6</ele>
        <time>2026-05-05T13:22:58Z</time>
        <extensions>
          <geotracker:meta c="1.47" s="1.23" />
        </extensions>
      </trkpt>
      <trkpt lat="7.32795833" lon="3.88165833">
        <ele>202.3</ele>
        <time>2026-05-05T13:23:04Z</time>
        <extensions>
          <geotracker:meta c="2.25" s="1.15" />
        </extensions>
      </trkpt>
      <trkpt lat="7.32792667" lon="3.88169333">
        <ele>202.7</ele>
        <time>2026-05-05T13:23:09Z</time>
        <extensions>
          <geotracker:meta c="2.6" s="1.19" />
        </extensions>
      </trkpt>
      <trkpt lat="7.32788167" lon="3.88173">
        <ele>201.3</ele>
        <time>2026-05-05T13:23:13Z</time>
        <extensions>
          <geotracker:meta c="2.59" s="1.28" />
        </extensions>
      </trkpt>
      <trkpt lat="7.32783333" lon="3.881735">
        <ele>200.5</ele>
        <time>2026-05-05T13:23:17Z</time>
        <extensions>
          <geotracker:meta c="3.88" s="1.3" />
        </extensions>
      </trkpt>
      <trkpt lat="7.32780333" lon="3.8817">
        <ele>200.2</ele>
        <time>2026-05-05T13:23:21Z</time>
        <extensions>
          <geotracker:meta c="4.41" s="1.3" />
        </extensions>
      </trkpt>
      <trkpt lat="7.32777833" lon="3.88166">
        <ele>201.6</ele>
        <time>2026-05-05T13:23:25Z</time>
        <extensions>
          <geotracker:meta c="4.14" s="1.22" />
        </extensions>
      </trkpt>
      <trkpt lat="7.32774167" lon="3.88161667">
        <ele>201.3</ele>
        <time>2026-05-05T13:23:30Z</time>
        <extensions>
          <geotracker:meta c="4.29" s="1.08" />
        </extensions>
      </trkpt>
      <trkpt lat="7.32771667" lon="3.88156667">
        <ele>201.2</ele>
        <time>2026-05-05T13:23:35Z</time>
        <extensions>
          <geotracker:meta c="4.4" s="1.04" />
        </extensions>
      </trkpt>
      <trkpt lat="7.32768" lon="3.88152333">
        <ele>200.4</ele>
        <time>2026-05-05T13:23:40Z</time>
        <extensions>
          <geotracker:meta c="4.02" s="1.15" />
        </extensions>
      </trkpt>
      <trkpt lat="7.32764833" lon="3.88148167">
        <ele>200.2</ele>
        <time>2026-05-05T13:23:45Z</time>
        <extensions>
          <geotracker:meta c="4.24" s="1.17" />
        </extensions>
      </trkpt>
      <trkpt lat="7.32762167" lon="3.88142833">
        <ele>200.2</ele>
        <time>2026-05-05T13:23:50Z</time>
        <extensions>
          <geotracker:meta c="4.33" s="1.05" />
        </extensions>
      </trkpt>
      <trkpt lat="7.32760333" lon="3.88138333">
        <ele>200.6</ele>
        <time>2026-05-05T13:23:55Z</time>
        <extensions>
          <geotracker:meta c="4.41" s="0.98" />
        </extensions>
      </trkpt>
      <trkpt lat="7.327575" lon="3.88134">
        <ele>199.4</ele>
        <time>2026-05-05T13:24:00Z</time>
        <extensions>
          <geotracker:meta c="3.88" s="0.96" />
        </extensions>
      </trkpt>
      <trkpt lat="7.32756" lon="3.88129333">
        <ele>198.3</ele>
        <time>2026-05-05T13:24:03Z</time>
        <extensions>
          <geotracker:meta c="4.43" s="1.02" />
        </extensions>
      </trkpt>
      <trkpt lat="7.32753167" lon="3.881255">
        <ele>198.8</ele>
        <time>2026-05-05T13:24:06Z</time>
        <extensions>
          <geotracker:meta c="4.37" s="1.15" />
        </extensions>
      </trkpt>
      <trkpt lat="7.32749167" lon="3.88122333">
        <ele>199.7</ele>
        <time>2026-05-05T13:24:11Z</time>
        <extensions>
          <geotracker:meta c="3.91" s="1.16" />
        </extensions>
      </trkpt>
      <trkpt lat="7.32745833" lon="3.88118333">
        <ele>201</ele>
        <time>2026-05-05T13:24:15Z</time>
        <extensions>
          <geotracker:meta c="4.38" s="1.19" />
        </extensions>
      </trkpt>
      <trkpt lat="7.32743" lon="3.88114167">
        <ele>201.8</ele>
        <time>2026-05-05T13:24:19Z</time>
        <extensions>
          <geotracker:meta c="4.08" s="1.15" />
        </extensions>
      </trkpt>
      <trkpt lat="7.327405" lon="3.88108833">
        <ele>202.2</ele>
        <time>2026-05-05T13:24:23Z</time>
        <extensions>
          <geotracker:meta c="4.26" s="1.24" />
        </extensions>
      </trkpt>
      <trkpt lat="7.32737667" lon="3.88103667">
        <ele>203.7</ele>
        <time>2026-05-05T13:24:27Z</time>
        <extensions>
          <geotracker:meta c="4.13" s="1.27" />
        </extensions>
      </trkpt>
      <trkpt lat="7.32735" lon="3.880995">
        <ele>205.4</ele>
        <time>2026-05-05T13:24:31Z</time>
        <extensions>
          <geotracker:meta c="3.95" s="1.34" />
        </extensions>
      </trkpt>
      <trkpt lat="7.32733667" lon="3.88095">
        <ele>203.8</ele>
        <time>2026-05-05T13:24:35Z</time>
        <extensions>
          <geotracker:meta c="4.23" s="1.3" />
        </extensions>
      </trkpt>
      <trkpt lat="7.32731167" lon="3.88090667">
        <ele>203.3</ele>
        <time>2026-05-05T13:24:39Z</time>
        <extensions>
          <geotracker:meta c="4.24" s="1.25" />
        </extensions>
      </trkpt>
      <trkpt lat="7.32728167" lon="3.88085833">
        <ele>202.6</ele>
        <time>2026-05-05T13:24:43Z</time>
        <extensions>
          <geotracker:meta c="4.18" s="1.26" />
        </extensions>
      </trkpt>
      <trkpt lat="7.32727" lon="3.880805">
        <ele>202.6</ele>
        <time>2026-05-05T13:24:48Z</time>
        <extensions>
          <geotracker:meta c="4.37" s="1.26" />
        </extensions>
      </trkpt>
      <trkpt lat="7.32725333" lon="3.88075">
        <ele>203.3</ele>
        <time>2026-05-05T13:24:52Z</time>
        <extensions>
          <geotracker:meta c="4.53" s="1.29" />
        </extensions>
      </trkpt>
      <trkpt lat="7.32722833" lon="3.8807">
        <ele>203.9</ele>
        <time>2026-05-05T13:24:57Z</time>
        <extensions>
          <geotracker:meta c="4.51" s="1.31" />
        </extensions>
      </trkpt>
      <trkpt lat="7.32721" lon="3.88065833">
        <ele>204.9</ele>
        <time>2026-05-05T13:25:01Z</time>
        <extensions>
          <geotracker:meta c="4.31" s="1.25" />
        </extensions>
      </trkpt>
      <trkpt lat="7.32718667" lon="3.88061667">
        <ele>205.6</ele>
        <time>2026-05-05T13:25:05Z</time>
        <extensions>
          <geotracker:meta c="4.36" s="1.26" />
        </extensions>
      </trkpt>
      <trkpt lat="7.32715667" lon="3.88056833">
        <ele>205.4</ele>
        <time>2026-05-05T13:25:09Z</time>
        <extensions>
          <geotracker:meta c="4.24" s="1.37" />
        </extensions>
      </trkpt>
      <trkpt lat="7.32713833" lon="3.88052167">
        <ele>204.9</ele>
        <time>2026-05-05T13:25:16Z</time>
        <extensions>
          <geotracker:meta c="4.35" s="0.98" />
        </extensions>
      </trkpt>
      <trkpt lat="7.32710833" lon="3.880475">
        <ele>204.1</ele>
        <time>2026-05-05T13:25:20Z</time>
        <extensions>
          <geotracker:meta c="4.11" s="0.97" />
        </extensions>
      </trkpt>
      <trkpt lat="7.32708667" lon="3.88042833">
        <ele>203.4</ele>
        <time>2026-05-05T13:25:24Z</time>
        <extensions>
          <geotracker:meta c="4.32" s="1.28" />
        </extensions>
      </trkpt>
      <trkpt lat="7.32706333" lon="3.88038">
        <ele>202.3</ele>
        <time>2026-05-05T13:25:28Z</time>
        <extensions>
          <geotracker:meta c="4.21" s="1.28" />
        </extensions>
      </trkpt>
      <trkpt lat="7.32704667" lon="3.88033">
        <ele>202.2</ele>
        <time>2026-05-05T13:25:32Z</time>
        <extensions>
          <geotracker:meta c="4.28" s="1.34" />
        </extensions>
      </trkpt>
      <trkpt lat="7.32702667" lon="3.88028167">
        <ele>202.5</ele>
        <time>2026-05-05T13:25:36Z</time>
        <extensions>
          <geotracker:meta c="4.05" s="1.43" />
        </extensions>
      </trkpt>
      <trkpt lat="7.32701667" lon="3.88023167">
        <ele>203.7</ele>
        <time>2026-05-05T13:25:41Z</time>
        <extensions>
          <geotracker:meta c="4.48" s="1.32" />
        </extensions>
      </trkpt>
      <trkpt lat="7.32699333" lon="3.88018333">
        <ele>204.7</ele>
        <time>2026-05-05T13:25:45Z</time>
        <extensions>
          <geotracker:meta c="4.41" s="1.28" />
        </extensions>
      </trkpt>
      <trkpt lat="7.326965" lon="3.88013333">
        <ele>205.8</ele>
        <time>2026-05-05T13:25:50Z</time>
        <extensions>
          <geotracker:meta c="4.5" s="1.18" />
        </extensions>
      </trkpt>
      <trkpt lat="7.32694333" lon="3.88008167">
        <ele>204.8</ele>
        <time>2026-05-05T13:25:54Z</time>
        <extensions>
          <geotracker:meta c="4.4" s="1.21" />
        </extensions>
      </trkpt>
      <trkpt lat="7.326925" lon="3.88003167">
        <ele>204.9</ele>
        <time>2026-05-05T13:25:58Z</time>
        <extensions>
          <geotracker:meta c="4.41" s="1.28" />
        </extensions>
      </trkpt>
      <trkpt lat="7.32690167" lon="3.87998833">
        <ele>205.2</ele>
        <time>2026-05-05T13:26:02Z</time>
        <extensions>
          <geotracker:meta c="4.49" s="1.19" />
        </extensions>
      </trkpt>
      <trkpt lat="7.32687667" lon="3.87994">
        <ele>204.6</ele>
        <time>2026-05-05T13:26:07Z</time>
        <extensions>
          <geotracker:meta c="4.28" s="1.17" />
        </extensions>
      </trkpt>
      <trkpt lat="7.32686167" lon="3.879885">
        <ele>203.1</ele>
        <time>2026-05-05T13:26:11Z</time>
        <extensions>
          <geotracker:meta c="4.48" s="1.13" />
        </extensions>
      </trkpt>
      <trkpt lat="7.32684667" lon="3.87984167">
        <ele>202</ele>
        <time>2026-05-05T13:26:15Z</time>
        <extensions>
          <geotracker:meta c="4.16" s="1.12" />
        </extensions>
      </trkpt>
      <trkpt lat="7.32682667" lon="3.87979167">
        <ele>201.3</ele>
        <time>2026-05-05T13:26:19Z</time>
        <extensions>
          <geotracker:meta c="4.29" s="1.15" />
        </extensions>
      </trkpt>
      <trkpt lat="7.32681667" lon="3.87974">
        <ele>201.2</ele>
        <time>2026-05-05T13:26:23Z</time>
        <extensions>
          <geotracker:meta c="4.48" s="1.19" />
        </extensions>
      </trkpt>
      <trkpt lat="7.32680667" lon="3.87969167">
        <ele>201.7</ele>
        <time>2026-05-05T13:26:26Z</time>
        <extensions>
          <geotracker:meta c="4.52" s="1.25" />
        </extensions>
      </trkpt>
      <trkpt lat="7.32678" lon="3.879655">
        <ele>203.7</ele>
        <time>2026-05-05T13:26:30Z</time>
        <extensions>
          <geotracker:meta c="4.34" s="1.33" />
        </extensions>
      </trkpt>
      <trkpt lat="7.32675" lon="3.87961">
        <ele>204.6</ele>
        <time>2026-05-05T13:26:34Z</time>
        <extensions>
          <geotracker:meta c="4.43" s="1.33" />
        </extensions>
      </trkpt>
      <trkpt lat="7.32671667" lon="3.87955833">
        <ele>204.1</ele>
        <time>2026-05-05T13:26:38Z</time>
        <extensions>
          <geotracker:meta c="4.29" s="1.36" />
        </extensions>
      </trkpt>
      <trkpt lat="7.32669333" lon="3.87950667">
        <ele>203.6</ele>
        <time>2026-05-05T13:26:42Z</time>
        <extensions>
          <geotracker:meta c="4.37" s="1.44" />
        </extensions>
      </trkpt>
      <trkpt lat="7.32669" lon="3.87946">
        <ele>202.9</ele>
        <time>2026-05-05T13:26:46Z</time>
        <extensions>
          <geotracker:meta c="4.73" s="1.45" />
        </extensions>
      </trkpt>
      <trkpt lat="7.32668" lon="3.879405">
        <ele>202.3</ele>
        <time>2026-05-05T13:26:50Z</time>
        <extensions>
          <geotracker:meta c="4.6" s="1.47" />
        </extensions>
      </trkpt>
      <trkpt lat="7.32667333" lon="3.87935167">
        <ele>202.3</ele>
        <time>2026-05-05T13:26:56Z</time>
        <extensions>
          <geotracker:meta c="4.55" s="1.17" />
        </extensions>
      </trkpt>
      <trkpt lat="7.326655" lon="3.879305">
        <ele>203.5</ele>
        <time>2026-05-05T13:27:00Z</time>
        <extensions>
          <geotracker:meta c="4.64" s="1.02" />
        </extensions>
      </trkpt>
      <trkpt lat="7.32663667" lon="3.87926167">
        <ele>202.9</ele>
        <time>2026-05-05T13:27:04Z</time>
        <extensions>
          <geotracker:meta c="4.54" s="1.1" />
        </extensions>
      </trkpt>
      <trkpt lat="7.32662167" lon="3.87920833">
        <ele>203</ele>
        <time>2026-05-05T13:27:09Z</time>
        <extensions>
          <geotracker:meta c="4.58" s="1.17" />
        </extensions>
      </trkpt>
      <trkpt lat="7.32662" lon="3.87915333">
        <ele>203.8</ele>
        <time>2026-05-05T13:27:13Z</time>
        <extensions>
          <geotracker:meta c="4.68" s="1.24" />
        </extensions>
      </trkpt>
      <trkpt lat="7.32660833" lon="3.87910167">
        <ele>204.2</ele>
        <time>2026-05-05T13:27:17Z</time>
        <extensions>
          <geotracker:meta c="4.53" s="1.31" />
        </extensions>
      </trkpt>
      <trkpt lat="7.32660167" lon="3.87904833">
        <ele>205</ele>
        <time>2026-05-05T13:27:22Z</time>
        <extensions>
          <geotracker:meta c="4.6" s="1.32" />
        </extensions>
      </trkpt>
      <trkpt lat="7.32660333" lon="3.87899833">
        <ele>204.9</ele>
        <time>2026-05-05T13:27:25Z</time>
        <extensions>
          <geotracker:meta c="4.65" s="1.31" />
        </extensions>
      </trkpt>
      <trkpt lat="7.326595" lon="3.87895">
        <ele>206.1</ele>
        <time>2026-05-05T13:27:29Z</time>
        <extensions>
          <geotracker:meta c="4.62" s="1.27" />
        </extensions>
      </trkpt>
      <trkpt lat="7.32657833" lon="3.87890167">
        <ele>206.6</ele>
        <time>2026-05-05T13:27:33Z</time>
        <extensions>
          <geotracker:meta c="4.73" s="1.26" />
        </extensions>
      </trkpt>
      <trkpt lat="7.32656833" lon="3.87884667">
        <ele>207.9</ele>
        <time>2026-05-05T13:27:37Z</time>
        <extensions>
          <geotracker:meta c="4.54" s="1.31" />
        </extensions>
      </trkpt>
      <trkpt lat="7.32656833" lon="3.87878833">
        <ele>209.1</ele>
        <time>2026-05-05T13:27:42Z</time>
        <extensions>
          <geotracker:meta c="4.59" s="1.24" />
        </extensions>
      </trkpt>
      <trkpt lat="7.32656667" lon="3.87873167">
        <ele>208.9</ele>
        <time>2026-05-05T13:27:46Z</time>
        <extensions>
          <geotracker:meta c="4.57" s="1.31" />
        </extensions>
      </trkpt>
      <trkpt lat="7.32656167" lon="3.878685">
        <ele>208.7</ele>
        <time>2026-05-05T13:27:49Z</time>
        <extensions>
          <geotracker:meta c="4.85" s="1.35" />
        </extensions>
      </trkpt>
      <trkpt lat="7.32655167" lon="3.87863667">
        <ele>209.1</ele>
        <time>2026-05-05T13:27:53Z</time>
        <extensions>
          <geotracker:meta c="4.76" s="1.33" />
        </extensions>
      </trkpt>
      <trkpt lat="7.32654333" lon="3.87858833">
        <ele>209.2</ele>
        <time>2026-05-05T13:27:57Z</time>
        <extensions>
          <geotracker:meta c="4.49" s="1.32" />
        </extensions>
      </trkpt>
      <trkpt lat="7.32652833" lon="3.87854167">
        <ele>209.2</ele>
        <time>2026-05-05T13:28:01Z</time>
        <extensions>
          <geotracker:meta c="4.65" s="1.33" />
        </extensions>
      </trkpt>
      <trkpt lat="7.32652" lon="3.878485">
        <ele>209.9</ele>
        <time>2026-05-05T13:28:05Z</time>
        <extensions>
          <geotracker:meta c="4.38" s="1.26" />
        </extensions>
      </trkpt>
      <trkpt lat="7.32652333" lon="3.87842333">
        <ele>211.6</ele>
        <time>2026-05-05T13:28:10Z</time>
        <extensions>
          <geotracker:meta c="4.57" s="1.32" />
        </extensions>
      </trkpt>
      <trkpt lat="7.32652" lon="3.87837">
        <ele>211.5</ele>
        <time>2026-05-05T13:28:14Z</time>
        <extensions>
          <geotracker:meta c="4.73" s="1.33" />
        </extensions>
      </trkpt>
      <trkpt lat="7.326515" lon="3.87831833">
        <ele>210.1</ele>
        <time>2026-05-05T13:28:18Z</time>
        <extensions>
          <geotracker:meta c="4.73" s="1.38" />
        </extensions>
      </trkpt>
      <trkpt lat="7.32651333" lon="3.87827167">
        <ele>209.6</ele>
        <time>2026-05-05T13:28:22Z</time>
        <extensions>
          <geotracker:meta c="4.57" s="1.43" />
        </extensions>
      </trkpt>
      <trkpt lat="7.32650833" lon="3.878215">
        <ele>209.6</ele>
        <time>2026-05-05T13:28:26Z</time>
        <extensions>
          <geotracker:meta c="4.84" s="1.39" />
        </extensions>
      </trkpt>
      <trkpt lat="7.32649833" lon="3.87816333">
        <ele>208.9</ele>
        <time>2026-05-05T13:28:30Z</time>
        <extensions>
          <geotracker:meta c="4.58" s="1.31" />
        </extensions>
      </trkpt>
      <trkpt lat="7.326495" lon="3.87811333">
        <ele>208.7</ele>
        <time>2026-05-05T13:28:34Z</time>
        <extensions>
          <geotracker:meta c="4.6" s="1.24" />
        </extensions>
      </trkpt>
      <trkpt lat="7.32649" lon="3.87806667">
        <ele>207.9</ele>
        <time>2026-05-05T13:28:37Z</time>
        <extensions>
          <geotracker:meta c="4.5" s="1.21" />
        </extensions>
      </trkpt>
      <trkpt lat="7.32645833" lon="3.87802833">
        <ele>205.8</ele>
        <time>2026-05-05T13:28:42Z</time>
        <extensions>
          <geotracker:meta c="3.56" s="1.06" />
        </extensions>
      </trkpt>
      <trkpt lat="7.32641" lon="3.87802167">
        <ele>204.3</ele>
        <time>2026-05-05T13:28:46Z</time>
        <extensions>
          <geotracker:meta c="3.29" s="1.03" />
        </extensions>
      </trkpt>
      <trkpt lat="7.32636333" lon="3.87802167">
        <ele>203.1</ele>
        <time>2026-05-05T13:28:50Z</time>
        <extensions>
          <geotracker:meta c="3.13" s="1.18" />
        </extensions>
      </trkpt>
      <trkpt lat="7.32631667" lon="3.87802667">
        <ele>202.4</ele>
        <time>2026-05-05T13:28:54Z</time>
        <extensions>
          <geotracker:meta c="3.03" s="1.27" />
        </extensions>
      </trkpt>
      <trkpt lat="7.32626333" lon="3.87801667">
        <ele>201.3</ele>
        <time>2026-05-05T13:28:59Z</time>
        <extensions>
          <geotracker:meta c="3.38" s="1.25" />
        </extensions>
      </trkpt>
      <trkpt lat="7.32621" lon="3.87800833">
        <ele>201.4</ele>
        <time>2026-05-05T13:29:03Z</time>
        <extensions>
          <geotracker:meta c="3.16" s="1.24" />
        </extensions>
      </trkpt>
      <trkpt lat="7.32616" lon="3.87800333">
        <ele>201.5</ele>
        <time>2026-05-05T13:29:07Z</time>
        <extensions>
          <geotracker:meta c="2.98" s="1.19" />
        </extensions>
      </trkpt>
      <trkpt lat="7.32611333" lon="3.878005">
        <ele>204.2</ele>
        <time>2026-05-05T13:29:15Z</time>
        <extensions>
          <geotracker:meta c="2.6" s="0" />
        </extensions>
      </trkpt>
      <trkpt lat="7.32606667" lon="3.87797333">
        <ele>205.8</ele>
        <time>2026-05-05T13:29:20Z</time>
        <extensions>
          <geotracker:meta c="3.39" s="0.6" />
        </extensions>
      </trkpt>
      <trkpt lat="7.32601667" lon="3.877965">
        <ele>205.7</ele>
        <time>2026-05-05T13:29:24Z</time>
        <extensions>
          <geotracker:meta c="3.12" s="0.8" />
        </extensions>
      </trkpt>
      <trkpt lat="7.32597667" lon="3.87793">
        <ele>205.6</ele>
        <time>2026-05-05T13:29:28Z</time>
        <extensions>
          <geotracker:meta c="3.31" s="1.06" />
        </extensions>
      </trkpt>
      <trkpt lat="7.32593" lon="3.87793">
        <ele>206.1</ele>
        <time>2026-05-05T13:29:31Z</time>
        <extensions>
          <geotracker:meta c="3.31" s="1.06" />
        </extensions>
      </trkpt>
      <trkpt lat="7.32588" lon="3.877935">
        <ele>206.2</ele>
        <time>2026-05-05T13:29:35Z</time>
        <extensions>
          <geotracker:meta c="3.24" s="1.08" />
        </extensions>
      </trkpt>
      <trkpt lat="7.325835" lon="3.87795833">
        <ele>206</ele>
        <time>2026-05-05T13:29:38Z</time>
        <extensions>
          <geotracker:meta c="3.09" s="1.15" />
        </extensions>
      </trkpt>
      <trkpt lat="7.32578" lon="3.87797333">
        <ele>205.7</ele>
        <time>2026-05-05T13:29:42Z</time>
        <extensions>
          <geotracker:meta c="3.19" s="1.26" />
        </extensions>
      </trkpt>
      <trkpt lat="7.325735" lon="3.87798">
        <ele>205</ele>
        <time>2026-05-05T13:29:45Z</time>
        <extensions>
          <geotracker:meta c="3.16" s="1.32" />
        </extensions>
      </trkpt>
      <trkpt lat="7.32569333" lon="3.87796">
        <ele>204.3</ele>
        <time>2026-05-05T13:29:48Z</time>
        <extensions>
          <geotracker:meta c="3.53" s="1.36" />
        </extensions>
      </trkpt>
      <trkpt lat="7.32564667" lon="3.87794167">
        <ele>203.7</ele>
        <time>2026-05-05T13:29:52Z</time>
        <extensions>
          <geotracker:meta c="3.34" s="1.44" />
        </extensions>
      </trkpt>
      <trkpt lat="7.32559" lon="3.877945">
        <ele>202.7</ele>
        <time>2026-05-05T13:29:56Z</time>
        <extensions>
          <geotracker:meta c="3.24" s="1.45" />
        </extensions>
      </trkpt>
      <trkpt lat="7.32554167" lon="3.87793667">
        <ele>201.8</ele>
        <time>2026-05-05T13:30:00Z</time>
        <extensions>
          <geotracker:meta c="3.25" s="1.38" />
        </extensions>
      </trkpt>
      <trkpt lat="7.325495" lon="3.87793833">
        <ele>201.3</ele>
        <time>2026-05-05T13:30:04Z</time>
        <extensions>
          <geotracker:meta c="3.04" s="1.39" />
        </extensions>
      </trkpt>
      <trkpt lat="7.32544333" lon="3.87794">
        <ele>201.5</ele>
        <time>2026-05-05T13:30:09Z</time>
        <extensions>
          <geotracker:meta c="3.2" s="1.3" />
        </extensions>
      </trkpt>
      <trkpt lat="7.32539" lon="3.87793167">
        <ele>201.3</ele>
        <time>2026-05-05T13:30:13Z</time>
        <extensions>
          <geotracker:meta c="3.3" s="1.29" />
        </extensions>
      </trkpt>
      <trkpt lat="7.32534167" lon="3.87791833">
        <ele>201.1</ele>
        <time>2026-05-05T13:30:17Z</time>
        <extensions>
          <geotracker:meta c="3.19" s="1.27" />
        </extensions>
      </trkpt>
      <trkpt lat="7.32529333" lon="3.87791167">
        <ele>200.1</ele>
        <time>2026-05-05T13:30:21Z</time>
        <extensions>
          <geotracker:meta c="3.8" s="1.19" />
        </extensions>
      </trkpt>
    </trkseg>
    <trkseg>
      <trkpt lat="7.32623167" lon="3.878005">
        <ele>208.4</ele>
        <time>2026-05-05T16:04:43Z</time>
        <extensions>
          <geotracker:meta c="0.24" s="0.3" />
        </extensions>
      </trkpt>
      <trkpt lat="7.32627833" lon="3.87801667">
        <ele>206.1</ele>
        <time>2026-05-05T16:04:52Z</time>
        <extensions>
          <geotracker:meta c="0.36" s="0.67" />
        </extensions>
      </trkpt>
      <trkpt lat="7.32633333" lon="3.87801167">
        <ele>205.4</ele>
        <time>2026-05-05T16:05:05Z</time>
        <extensions>
          <geotracker:meta c="5.99" s="0.48" />
        </extensions>
      </trkpt>
      <trkpt lat="7.32638333" lon="3.87799667">
        <ele>205.2</ele>
        <time>2026-05-05T16:05:10Z</time>
        <extensions>
          <geotracker:meta c="6.05" s="0.78" />
        </extensions>
      </trkpt>
      <trkpt lat="7.32643" lon="3.87798167">
        <ele>205.8</ele>
        <time>2026-05-05T16:05:15Z</time>
        <extensions>
          <geotracker:meta c="6.15" s="0.97" />
        </extensions>
      </trkpt>
      <trkpt lat="7.326485" lon="3.877975">
        <ele>206.7</ele>
        <time>2026-05-05T16:05:20Z</time>
        <extensions>
          <geotracker:meta c="6.27" s="1.08" />
        </extensions>
      </trkpt>
      <trkpt lat="7.32653833" lon="3.87796">
        <ele>208.1</ele>
        <time>2026-05-05T16:05:25Z</time>
        <extensions>
          <geotracker:meta c="6.13" s="1.16" />
        </extensions>
      </trkpt>
      <trkpt lat="7.326585" lon="3.87794833">
        <ele>208.9</ele>
        <time>2026-05-05T16:05:30Z</time>
        <extensions>
          <geotracker:meta c="5.87" s="1.15" />
        </extensions>
      </trkpt>
      <trkpt lat="7.32663167" lon="3.877925">
        <ele>209.2</ele>
        <time>2026-05-05T16:05:35Z</time>
        <extensions>
          <geotracker:meta c="5.83" s="1.14" />
        </extensions>
      </trkpt>
      <trkpt lat="7.32667667" lon="3.87789833">
        <ele>209.2</ele>
        <time>2026-05-05T16:05:40Z</time>
        <extensions>
          <geotracker:meta c="5.64" s="1.18" />
        </extensions>
      </trkpt>
      <trkpt lat="7.32672333" lon="3.87787667">
        <ele>208.7</ele>
        <time>2026-05-05T16:05:44Z</time>
        <extensions>
          <geotracker:meta c="6.17" s="1.27" />
        </extensions>
      </trkpt>
      <trkpt lat="7.32677" lon="3.87785833">
        <ele>207.6</ele>
        <time>2026-05-05T16:05:48Z</time>
        <extensions>
          <geotracker:meta c="5.85" s="1.32" />
        </extensions>
      </trkpt>
      <trkpt lat="7.32681333" lon="3.87783">
        <ele>207</ele>
        <time>2026-05-05T16:05:52Z</time>
        <extensions>
          <geotracker:meta c="5.88" s="1.4" />
        </extensions>
      </trkpt>
      <trkpt lat="7.32685333" lon="3.8778">
        <ele>206.5</ele>
        <time>2026-05-05T16:05:56Z</time>
        <extensions>
          <geotracker:meta c="5.72" s="1.34" />
        </extensions>
      </trkpt>
      <trkpt lat="7.3269" lon="3.87777">
        <ele>206.1</ele>
        <time>2026-05-05T16:06:00Z</time>
        <extensions>
          <geotracker:meta c="5.86" s="1.36" />
        </extensions>
      </trkpt>
      <trkpt lat="7.32694" lon="3.87774667">
        <ele>206.3</ele>
        <time>2026-05-05T16:06:04Z</time>
        <extensions>
          <geotracker:meta c="6.03" s="1.3" />
        </extensions>
      </trkpt>
      <trkpt lat="7.32698833" lon="3.877725">
        <ele>207.2</ele>
        <time>2026-05-05T16:06:08Z</time>
        <extensions>
          <geotracker:meta c="5.96" s="1.32" />
        </extensions>
      </trkpt>
      <trkpt lat="7.32703333" lon="3.87770833">
        <ele>207.1</ele>
        <time>2026-05-05T16:06:12Z</time>
        <extensions>
          <geotracker:meta c="5.87" s="1.26" />
        </extensions>
      </trkpt>
      <trkpt lat="7.32707833" lon="3.87768">
        <ele>206.7</ele>
        <time>2026-05-05T16:06:17Z</time>
        <extensions>
          <geotracker:meta c="5.65" s="1.22" />
        </extensions>
      </trkpt>
      <trkpt lat="7.32712333" lon="3.87765667">
        <ele>206.9</ele>
        <time>2026-05-05T16:06:21Z</time>
        <extensions>
          <geotracker:meta c="5.94" s="1.21" />
        </extensions>
      </trkpt>
      <trkpt lat="7.32717333" lon="3.877645">
        <ele>206.3</ele>
        <time>2026-05-05T16:06:27Z</time>
        <extensions>
          <geotracker:meta c="6.08" s="0.99" />
        </extensions>
      </trkpt>
      <trkpt lat="7.32722333" lon="3.87763167">
        <ele>206</ele>
        <time>2026-05-05T16:06:32Z</time>
        <extensions>
          <geotracker:meta c="6.02" s="0.94" />
        </extensions>
      </trkpt>
      <trkpt lat="7.32726833" lon="3.87762167">
        <ele>205.6</ele>
        <time>2026-05-05T16:06:42Z</time>
        <extensions>
          <geotracker:meta c="5.32" s="0.45" />
        </extensions>
      </trkpt>
      <trkpt lat="7.32731333" lon="3.87761667">
        <ele>207.7</ele>
        <time>2026-05-05T16:06:51Z</time>
        <extensions>
          <geotracker:meta c="6.05" s="0.53" />
        </extensions>
      </trkpt>
      <trkpt lat="7.32735333" lon="3.87759167">
        <ele>209.1</ele>
        <time>2026-05-05T16:06:56Z</time>
        <extensions>
          <geotracker:meta c="5.19" s="0.95" />
        </extensions>
      </trkpt>
      <trkpt lat="7.32739" lon="3.87755833">
        <ele>210.9</ele>
        <time>2026-05-05T16:07:02Z</time>
        <extensions>
          <geotracker:meta c="5.43" s="1.01" />
        </extensions>
      </trkpt>
      <trkpt lat="7.32741833" lon="3.87751833">
        <ele>212</ele>
        <time>2026-05-05T16:07:14Z</time>
        <extensions>
          <geotracker:meta c="4.73" s="0" />
        </extensions>
      </trkpt>
      <trkpt lat="7.327415" lon="3.87747167">
        <ele>212</ele>
        <time>2026-05-05T16:07:19Z</time>
        <extensions>
          <geotracker:meta c="4.95" s="0.54" />
        </extensions>
      </trkpt>
      <trkpt lat="7.32742667" lon="3.87742667">
        <ele>211.4</ele>
        <time>2026-05-05T16:07:31Z</time>
        <extensions>
          <geotracker:meta c="5.89" s="0" />
        </extensions>
      </trkpt>
      <trkpt lat="7.32748" lon="3.87741">
        <ele>211.3</ele>
        <time>2026-05-05T16:07:37Z</time>
        <extensions>
          <geotracker:meta c="6.21" s="0.65" />
        </extensions>
      </trkpt>
      <trkpt lat="7.32752833" lon="3.877405">
        <ele>210.7</ele>
        <time>2026-05-05T16:07:41Z</time>
        <extensions>
          <geotracker:meta c="6.02" s="1.07" />
        </extensions>
      </trkpt>
      <trkpt lat="7.32757667" lon="3.8774">
        <ele>210.4</ele>
        <time>2026-05-05T16:07:45Z</time>
        <extensions>
          <geotracker:meta c="5.96" s="1.26" />
        </extensions>
      </trkpt>
      <trkpt lat="7.32762833" lon="3.87738667">
        <ele>209.5</ele>
        <time>2026-05-05T16:07:50Z</time>
        <extensions>
          <geotracker:meta c="6.21" s="1.22" />
        </extensions>
      </trkpt>
      <trkpt lat="7.32767833" lon="3.87736667">
        <ele>209.9</ele>
        <time>2026-05-05T16:07:55Z</time>
        <extensions>
          <geotracker:meta c="5.89" s="1.17" />
        </extensions>
      </trkpt>
      <trkpt lat="7.32772667" lon="3.87735167">
        <ele>209.9</ele>
        <time>2026-05-05T16:07:59Z</time>
        <extensions>
          <geotracker:meta c="5.92" s="1.22" />
        </extensions>
      </trkpt>
      <trkpt lat="7.327775" lon="3.877345">
        <ele>208.7</ele>
        <time>2026-05-05T16:08:03Z</time>
        <extensions>
          <geotracker:meta c="6.09" s="1.24" />
        </extensions>
      </trkpt>
      <trkpt lat="7.327825" lon="3.87734333">
        <ele>207.9</ele>
        <time>2026-05-05T16:08:07Z</time>
        <extensions>
          <geotracker:meta c="6.11" s="1.19" />
        </extensions>
      </trkpt>
      <trkpt lat="7.32787333" lon="3.87733833">
        <ele>208</ele>
        <time>2026-05-05T16:08:11Z</time>
        <extensions>
          <geotracker:meta c="0.25" s="1.18" />
        </extensions>
      </trkpt>
      <trkpt lat="7.32791833" lon="3.87732833">
        <ele>206.9</ele>
        <time>2026-05-05T16:08:15Z</time>
        <extensions>
          <geotracker:meta c="0.2" s="1.14" />
        </extensions>
      </trkpt>
      <trkpt lat="7.32797" lon="3.87731167">
        <ele>206.3</ele>
        <time>2026-05-05T16:08:19Z</time>
        <extensions>
          <geotracker:meta c="5.95" s="1.09" />
        </extensions>
      </trkpt>
      <trkpt lat="7.32801833" lon="3.87728667">
        <ele>206.8</ele>
        <time>2026-05-05T16:08:24Z</time>
        <extensions>
          <geotracker:meta c="5.86" s="1.21" />
        </extensions>
      </trkpt>
      <trkpt lat="7.32806833" lon="3.87726667">
        <ele>206.2</ele>
        <time>2026-05-05T16:08:28Z</time>
        <extensions>
          <geotracker:meta c="5.98" s="1.35" />
        </extensions>
      </trkpt>
      <trkpt lat="7.32811333" lon="3.87726167">
        <ele>203.8</ele>
        <time>2026-05-05T16:08:32Z</time>
        <extensions>
          <geotracker:meta c="6.12" s="1.35" />
        </extensions>
      </trkpt>
      <trkpt lat="7.32816667" lon="3.877265">
        <ele>200.6</ele>
        <time>2026-05-05T16:08:36Z</time>
        <extensions>
          <geotracker:meta c="0.24" s="1.27" />
        </extensions>
      </trkpt>
      <trkpt lat="7.32821167" lon="3.877245">
        <ele>197</ele>
        <time>2026-05-05T16:08:42Z</time>
        <extensions>
          <geotracker:meta c="0.1" s="1.02" />
        </extensions>
      </trkpt>
      <trkpt lat="7.32825667" lon="3.87722">
        <ele>195.8</ele>
        <time>2026-05-05T16:08:47Z</time>
        <extensions>
          <geotracker:meta c="6.09" s="0.85" />
        </extensions>
      </trkpt>
      <trkpt lat="7.328295" lon="3.87718667">
        <ele>195.5</ele>
        <time>2026-05-05T16:08:52Z</time>
        <extensions>
          <geotracker:meta c="5.9" s="0.94" />
        </extensions>
      </trkpt>
      <trkpt lat="7.32833167" lon="3.87715333">
        <ele>195.3</ele>
        <time>2026-05-05T16:08:56Z</time>
        <extensions>
          <geotracker:meta c="5.47" s="1.08" />
        </extensions>
      </trkpt>
      <trkpt lat="7.32837833" lon="3.87714833">
        <ele>195.5</ele>
        <time>2026-05-05T16:09:00Z</time>
        <extensions>
          <geotracker:meta c="6.25" s="1.12" />
        </extensions>
      </trkpt>
      <trkpt lat="7.328425" lon="3.87714667">
        <ele>195.7</ele>
        <time>2026-05-05T16:09:08Z</time>
        <extensions>
          <geotracker:meta c="0.07" s="0.48" />
        </extensions>
      </trkpt>
    </trkseg>
    <trkseg>
      <trkpt lat="7.32836667" lon="3.87772">
        <ele>195.4</ele>
        <time>2026-05-05T16:22:43Z</time>
        <extensions>
          <geotracker:meta c="4.6" s="0.38" />
        </extensions>
      </trkpt>
      <trkpt lat="7.32833833" lon="3.87768">
        <ele>195.6</ele>
        <time>2026-05-05T16:22:48Z</time>
        <extensions>
          <geotracker:meta c="4.3" s="0.62" />
        </extensions>
      </trkpt>
      <trkpt lat="7.32832333" lon="3.87763167">
        <ele>195.5</ele>
        <time>2026-05-05T16:22:53Z</time>
        <extensions>
          <geotracker:meta c="4.38" s="0.81" />
        </extensions>
      </trkpt>
      <trkpt lat="7.32830667" lon="3.87758167">
        <ele>195.8</ele>
        <time>2026-05-05T16:22:59Z</time>
        <extensions>
          <geotracker:meta c="4.39" s="0.87" />
        </extensions>
      </trkpt>
      <trkpt lat="7.3283" lon="3.877535">
        <ele>196.8</ele>
        <time>2026-05-05T16:23:07Z</time>
        <extensions>
          <geotracker:meta c="4.05" s="0.71" />
        </extensions>
      </trkpt>
      <trkpt lat="7.32826833" lon="3.87749833">
        <ele>197.3</ele>
        <time>2026-05-05T16:23:13Z</time>
        <extensions>
          <geotracker:meta c="4.05" s="0" />
        </extensions>
      </trkpt>
      <trkpt lat="7.32825833" lon="3.87744667">
        <ele>198</ele>
        <time>2026-05-05T16:23:18Z</time>
        <extensions>
          <geotracker:meta c="4.05" s="0" />
        </extensions>
      </trkpt>
      <trkpt lat="7.328235" lon="3.87740167">
        <ele>198.8</ele>
        <time>2026-05-05T16:23:23Z</time>
        <extensions>
          <geotracker:meta c="4.05" s="0" />
        </extensions>
      </trkpt>
      <trkpt lat="7.32821" lon="3.87735167">
        <ele>200.4</ele>
        <time>2026-05-05T16:23:28Z</time>
        <extensions>
          <geotracker:meta c="4.68" s="0.88" />
        </extensions>
      </trkpt>
      <trkpt lat="7.32820833" lon="3.87729">
        <ele>204.1</ele>
        <time>2026-05-05T16:23:32Z</time>
        <extensions>
          <geotracker:meta c="4.84" s="0.85" />
        </extensions>
      </trkpt>
      <trkpt lat="7.32820167" lon="3.87723833">
        <ele>206.9</ele>
        <time>2026-05-05T16:23:36Z</time>
        <extensions>
          <geotracker:meta c="4.45" s="0.93" />
        </extensions>
      </trkpt>
      <trkpt lat="7.32819833" lon="3.87719167">
        <ele>208.7</ele>
        <time>2026-05-05T16:23:42Z</time>
        <extensions>
          <geotracker:meta c="4.43" s="0.9" />
        </extensions>
      </trkpt>
      <trkpt lat="7.32817333" lon="3.87715333">
        <ele>209.1</ele>
        <time>2026-05-05T16:23:47Z</time>
        <extensions>
          <geotracker:meta c="4.32" s="0.8" />
        </extensions>
      </trkpt>
      <trkpt lat="7.32814833" lon="3.87711167">
        <ele>209.4</ele>
        <time>2026-05-05T16:23:52Z</time>
        <extensions>
          <geotracker:meta c="4.44" s="0.88" />
        </extensions>
      </trkpt>
      <trkpt lat="7.32812333" lon="3.87707333">
        <ele>209.5</ele>
        <time>2026-05-05T16:23:56Z</time>
        <extensions>
          <geotracker:meta c="4.38" s="0.95" />
        </extensions>
      </trkpt>
      <trkpt lat="7.328105" lon="3.87703167">
        <ele>209.6</ele>
        <time>2026-05-05T16:24:02Z</time>
        <extensions>
          <geotracker:meta c="4.35" s="0.77" />
        </extensions>
      </trkpt>
      <trkpt lat="7.328085" lon="3.87698667">
        <ele>209.1</ele>
        <time>2026-05-05T16:24:07Z</time>
        <extensions>
          <geotracker:meta c="4.24" s="0.73" />
        </extensions>
      </trkpt>
      <trkpt lat="7.32807667" lon="3.87693833">
        <ele>208</ele>
        <time>2026-05-05T16:24:12Z</time>
        <extensions>
          <geotracker:meta c="4.29" s="0.81" />
        </extensions>
      </trkpt>
      <trkpt lat="7.32807333" lon="3.87689167">
        <ele>206.6</ele>
        <time>2026-05-05T16:24:19Z</time>
        <extensions>
          <geotracker:meta c="3.96" s="0.68" />
        </extensions>
      </trkpt>
      <trkpt lat="7.32802667" lon="3.87689833">
        <ele>205.3</ele>
        <time>2026-05-05T16:24:33Z</time>
        <extensions>
          <geotracker:meta c="3.02" s="0.4" />
        </extensions>
      </trkpt>
      <trkpt lat="7.32802333" lon="3.87696">
        <ele>202.9</ele>
        <time>2026-05-05T16:24:46Z</time>
        <extensions>
          <geotracker:meta c="1.69" s="0.53" />
        </extensions>
      </trkpt>
      <trkpt lat="7.32797" lon="3.87697833">
        <ele>202</ele>
        <time>2026-05-05T16:24:55Z</time>
        <extensions>
          <geotracker:meta c="3.08" s="0.57" />
        </extensions>
      </trkpt>
      <trkpt lat="7.32792" lon="3.87697833">
        <ele>201.9</ele>
        <time>2026-05-05T16:24:59Z</time>
        <extensions>
          <geotracker:meta c="2.9" s="0.97" />
        </extensions>
      </trkpt>
      <trkpt lat="7.32787333" lon="3.876985">
        <ele>201.5</ele>
        <time>2026-05-05T16:25:03Z</time>
        <extensions>
          <geotracker:meta c="2.76" s="1.11" />
        </extensions>
      </trkpt>
      <trkpt lat="7.32782333" lon="3.876995">
        <ele>200.7</ele>
        <time>2026-05-05T16:25:07Z</time>
        <extensions>
          <geotracker:meta c="2.93" s="1.17" />
        </extensions>
      </trkpt>
      <trkpt lat="7.327775" lon="3.87699667">
        <ele>200.3</ele>
        <time>2026-05-05T16:25:12Z</time>
        <extensions>
          <geotracker:meta c="3.07" s="1.09" />
        </extensions>
      </trkpt>
      <trkpt lat="7.32772" lon="3.87700167">
        <ele>200</ele>
        <time>2026-05-05T16:25:17Z</time>
        <extensions>
          <geotracker:meta c="2.86" s="1.1" />
        </extensions>
      </trkpt>
      <trkpt lat="7.32767167" lon="3.87701833">
        <ele>199.8</ele>
        <time>2026-05-05T16:25:22Z</time>
        <extensions>
          <geotracker:meta c="2.79" s="1.05" />
        </extensions>
      </trkpt>
      <trkpt lat="7.32761667" lon="3.87702">
        <ele>200.9</ele>
        <time>2026-05-05T16:25:27Z</time>
        <extensions>
          <geotracker:meta c="3.05" s="0.97" />
        </extensions>
      </trkpt>
      <trkpt lat="7.32757" lon="3.877025">
        <ele>201.3</ele>
        <time>2026-05-05T16:25:32Z</time>
        <extensions>
          <geotracker:meta c="3.05" s="1.01" />
        </extensions>
      </trkpt>
      <trkpt lat="7.32752167" lon="3.87703333">
        <ele>201.4</ele>
        <time>2026-05-05T16:25:38Z</time>
        <extensions>
          <geotracker:meta c="2.94" s="0.94" />
        </extensions>
      </trkpt>
      <trkpt lat="7.327485" lon="3.87698833">
        <ele>203.4</ele>
        <time>2026-05-05T16:25:53Z</time>
        <extensions>
          <geotracker:meta c="4.58" s="0.41" />
        </extensions>
      </trkpt>
      <trkpt lat="7.32748333" lon="3.87694">
        <ele>204.2</ele>
        <time>2026-05-05T16:25:58Z</time>
        <extensions>
          <geotracker:meta c="4.67" s="0.87" />
        </extensions>
      </trkpt>
      <trkpt lat="7.327485" lon="3.87688333">
        <ele>205.2</ele>
        <time>2026-05-05T16:26:05Z</time>
        <extensions>
          <geotracker:meta c="4.82" s="1.05" />
        </extensions>
      </trkpt>
      <trkpt lat="7.32747167" lon="3.876825">
        <ele>205.5</ele>
        <time>2026-05-05T16:26:10Z</time>
        <extensions>
          <geotracker:meta c="4.57" s="1.11" />
        </extensions>
      </trkpt>
      <trkpt lat="7.32746833" lon="3.87677">
        <ele>206.8</ele>
        <time>2026-05-05T16:26:14Z</time>
        <extensions>
          <geotracker:meta c="4.43" s="1.16" />
        </extensions>
      </trkpt>
      <trkpt lat="7.327445" lon="3.87672833">
        <ele>207.7</ele>
        <time>2026-05-05T16:26:18Z</time>
        <extensions>
          <geotracker:meta c="4.04" s="1.18" />
        </extensions>
      </trkpt>
      <trkpt lat="7.32741" lon="3.87669667">
        <ele>207.8</ele>
        <time>2026-05-05T16:26:22Z</time>
        <extensions>
          <geotracker:meta c="4.14" s="1.13" />
        </extensions>
      </trkpt>
      <trkpt lat="7.32737333" lon="3.876665">
        <ele>205.8</ele>
        <time>2026-05-05T16:26:27Z</time>
        <extensions>
          <geotracker:meta c="3.86" s="1.13" />
        </extensions>
      </trkpt>
      <trkpt lat="7.32733333" lon="3.87663333">
        <ele>205.2</ele>
        <time>2026-05-05T16:26:32Z</time>
        <extensions>
          <geotracker:meta c="3.66" s="1.12" />
        </extensions>
      </trkpt>
      <trkpt lat="7.32729" lon="3.8766">
        <ele>205.9</ele>
        <time>2026-05-05T16:26:36Z</time>
        <extensions>
          <geotracker:meta c="3.69" s="1.19" />
        </extensions>
      </trkpt>
      <trkpt lat="7.32724667" lon="3.87657833">
        <ele>205.7</ele>
        <time>2026-05-05T16:26:42Z</time>
        <extensions>
          <geotracker:meta c="3.17" s="1.03" />
        </extensions>
      </trkpt>
      <trkpt lat="7.327195" lon="3.87656333">
        <ele>205.2</ele>
        <time>2026-05-05T16:26:47Z</time>
        <extensions>
          <geotracker:meta c="3.37" s="0.92" />
        </extensions>
      </trkpt>
      <trkpt lat="7.32714333" lon="3.87656">
        <ele>204.8</ele>
        <time>2026-05-05T16:26:52Z</time>
        <extensions>
          <geotracker:meta c="3.25" s="1.04" />
        </extensions>
      </trkpt>
      <trkpt lat="7.32709833" lon="3.87655167">
        <ele>204.6</ele>
        <time>2026-05-05T16:26:56Z</time>
        <extensions>
          <geotracker:meta c="3.35" s="1.12" />
        </extensions>
      </trkpt>
      <trkpt lat="7.32705333" lon="3.87654167">
        <ele>204.9</ele>
        <time>2026-05-05T16:27:00Z</time>
        <extensions>
          <geotracker:meta c="3.25" s="1.13" />
        </extensions>
      </trkpt>
      <trkpt lat="7.327005" lon="3.87654333">
        <ele>205.4</ele>
        <time>2026-05-05T16:27:05Z</time>
        <extensions>
          <geotracker:meta c="3.38" s="1.1" />
        </extensions>
      </trkpt>
      <trkpt lat="7.326955" lon="3.876535">
        <ele>205.4</ele>
        <time>2026-05-05T16:27:10Z</time>
        <extensions>
          <geotracker:meta c="3.13" s="1.05" />
        </extensions>
      </trkpt>
      <trkpt lat="7.32690833" lon="3.876525">
        <ele>208.1</ele>
        <time>2026-05-05T16:27:18Z</time>
        <extensions>
          <geotracker:meta c="3.1" s="0.76" />
        </extensions>
      </trkpt>
      <trkpt lat="7.32686" lon="3.876525">
        <ele>208.6</ele>
        <time>2026-05-05T16:27:25Z</time>
        <extensions>
          <geotracker:meta c="3.23" s="0.77" />
        </extensions>
      </trkpt>
      <trkpt lat="7.326805" lon="3.87656833">
        <ele>207.1</ele>
        <time>2026-05-05T16:27:54Z</time>
        <extensions>
          <geotracker:meta c="1.33" s="0.32" />
        </extensions>
      </trkpt>
      <trkpt lat="7.32683333" lon="3.87663833">
        <ele>205.6</ele>
        <time>2026-05-05T16:28:03Z</time>
        <extensions>
          <geotracker:meta c="1.35" s="0.86" />
        </extensions>
      </trkpt>
      <trkpt lat="7.32684333" lon="3.87668333">
        <ele>204</ele>
        <time>2026-05-05T16:28:12Z</time>
        <extensions>
          <geotracker:meta c="6.26" s="0.6" />
        </extensions>
      </trkpt>
      <trkpt lat="7.32689833" lon="3.87668667">
        <ele>204.1</ele>
        <time>2026-05-05T16:28:20Z</time>
        <extensions>
          <geotracker:meta c="0.02" s="0.62" />
        </extensions>
      </trkpt>
      <trkpt lat="7.326955" lon="3.876675">
        <ele>205.2</ele>
        <time>2026-05-05T16:28:24Z</time>
        <extensions>
          <geotracker:meta c="0.07" s="1.01" />
        </extensions>
      </trkpt>
      <trkpt lat="7.327005" lon="3.87667667">
        <ele>206.6</ele>
        <time>2026-05-05T16:28:29Z</time>
        <extensions>
          <geotracker:meta c="0.03" s="1.15" />
        </extensions>
      </trkpt>
      <trkpt lat="7.32705333" lon="3.87669167">
        <ele>207.9</ele>
        <time>2026-05-05T16:28:34Z</time>
        <extensions>
          <geotracker:meta c="0.08" s="1.14" />
        </extensions>
      </trkpt>
      <trkpt lat="7.32710167" lon="3.87669833">
        <ele>208.5</ele>
        <time>2026-05-05T16:28:38Z</time>
        <extensions>
          <geotracker:meta c="0.15" s="1.18" />
        </extensions>
      </trkpt>
      <trkpt lat="7.32714667" lon="3.87670667">
        <ele>208.3</ele>
        <time>2026-05-05T16:28:42Z</time>
        <extensions>
          <geotracker:meta c="0.04" s="1.18" />
        </extensions>
      </trkpt>
      <trkpt lat="7.3272" lon="3.87671167">
        <ele>207.4</ele>
        <time>2026-05-05T16:28:47Z</time>
        <extensions>
          <geotracker:meta c="0.15" s="1.1" />
        </extensions>
      </trkpt>
      <trkpt lat="7.327245" lon="3.87672167">
        <ele>206.6</ele>
        <time>2026-05-05T16:28:51Z</time>
        <extensions>
          <geotracker:meta c="0.19" s="1.11" />
        </extensions>
      </trkpt>
      <trkpt lat="7.32729333" lon="3.87672667">
        <ele>206.1</ele>
        <time>2026-05-05T16:28:55Z</time>
        <extensions>
          <geotracker:meta c="0.15" s="1.15" />
        </extensions>
      </trkpt>
      <trkpt lat="7.32735" lon="3.87673333">
        <ele>205.7</ele>
        <time>2026-05-05T16:29:00Z</time>
        <extensions>
          <geotracker:meta c="0.55" s="1.16" />
        </extensions>
      </trkpt>
      <trkpt lat="7.32738333" lon="3.876765">
        <ele>205.3</ele>
        <time>2026-05-05T16:29:04Z</time>
        <extensions>
          <geotracker:meta c="0.71" s="1.17" />
        </extensions>
      </trkpt>
      <trkpt lat="7.32741833" lon="3.8768">
        <ele>204.2</ele>
        <time>2026-05-05T16:29:09Z</time>
        <extensions>
          <geotracker:meta c="1.2" s="1.16" />
        </extensions>
      </trkpt>
      <trkpt lat="7.32742833" lon="3.87684667">
        <ele>204.4</ele>
        <time>2026-05-05T16:29:13Z</time>
        <extensions>
          <geotracker:meta c="1.4" s="1.15" />
        </extensions>
      </trkpt>
      <trkpt lat="7.327425" lon="3.87689333">
        <ele>203.7</ele>
        <time>2026-05-05T16:29:17Z</time>
        <extensions>
          <geotracker:meta c="1.98" s="1.1" />
        </extensions>
      </trkpt>
      <trkpt lat="7.32737667" lon="3.87692167">
        <ele>202.3</ele>
        <time>2026-05-05T16:29:23Z</time>
        <extensions>
          <geotracker:meta c="2.94" s="0.85" />
        </extensions>
      </trkpt>
      <trkpt lat="7.32733" lon="3.87694333">
        <ele>201.7</ele>
        <time>2026-05-05T16:29:28Z</time>
        <extensions>
          <geotracker:meta c="2.74" s="0.81" />
        </extensions>
      </trkpt>
      <trkpt lat="7.32729" lon="3.876965">
        <ele>201.9</ele>
        <time>2026-05-05T16:29:32Z</time>
        <extensions>
          <geotracker:meta c="2.6" s="0.92" />
        </extensions>
      </trkpt>
      <trkpt lat="7.327255" lon="3.877005">
        <ele>201.8</ele>
        <time>2026-05-05T16:29:36Z</time>
        <extensions>
          <geotracker:meta c="2.02" s="1.04" />
        </extensions>
      </trkpt>
      <trkpt lat="7.32725667" lon="3.87705833">
        <ele>203.1</ele>
        <time>2026-05-05T16:29:41Z</time>
        <extensions>
          <geotracker:meta c="1.29" s="1.15" />
        </extensions>
      </trkpt>
      <trkpt lat="7.327265" lon="3.877105">
        <ele>206.2</ele>
        <time>2026-05-05T16:29:46Z</time>
        <extensions>
          <geotracker:meta c="1.49" s="1.17" />
        </extensions>
      </trkpt>
      <trkpt lat="7.32725833" lon="3.87715833">
        <ele>207.4</ele>
        <time>2026-05-05T16:29:52Z</time>
        <extensions>
          <geotracker:meta c="1.38" s="1.18" />
        </extensions>
      </trkpt>
      <trkpt lat="7.32726" lon="3.87721167">
        <ele>207.7</ele>
        <time>2026-05-05T16:29:58Z</time>
        <extensions>
          <geotracker:meta c="1.59" s="1.09" />
        </extensions>
      </trkpt>
      <trkpt lat="7.32726833" lon="3.87725833">
        <ele>208.5</ele>
        <time>2026-05-05T16:30:02Z</time>
        <extensions>
          <geotracker:meta c="1.45" s="1.09" />
        </extensions>
      </trkpt>
      <trkpt lat="7.32728167" lon="3.877305">
        <ele>209.4</ele>
        <time>2026-05-05T16:30:06Z</time>
        <extensions>
          <geotracker:meta c="1.62" s="1.16" />
        </extensions>
      </trkpt>
      <trkpt lat="7.32728667" lon="3.87735167">
        <ele>209.6</ele>
        <time>2026-05-05T16:30:10Z</time>
        <extensions>
          <geotracker:meta c="1.6" s="1.22" />
        </extensions>
      </trkpt>
      <trkpt lat="7.3273" lon="3.87739667">
        <ele>209.6</ele>
        <time>2026-05-05T16:30:14Z</time>
        <extensions>
          <geotracker:meta c="1.51" s="1.21" />
        </extensions>
      </trkpt>
      <trkpt lat="7.32730333" lon="3.87744833">
        <ele>209.4</ele>
        <time>2026-05-05T16:30:18Z</time>
        <extensions>
          <geotracker:meta c="1.37" s="1.22" />
        </extensions>
      </trkpt>
      <trkpt lat="7.32731" lon="3.87749667">
        <ele>209.1</ele>
        <time>2026-05-05T16:30:22Z</time>
        <extensions>
          <geotracker:meta c="1.38" s="1.19" />
        </extensions>
      </trkpt>
      <trkpt lat="7.32731333" lon="3.87755">
        <ele>208.2</ele>
        <time>2026-05-05T16:30:27Z</time>
        <extensions>
          <geotracker:meta c="1.47" s="1.16" />
        </extensions>
      </trkpt>
      <trkpt lat="7.32732333" lon="3.87760167">
        <ele>208</ele>
        <time>2026-05-05T16:30:31Z</time>
        <extensions>
          <geotracker:meta c="1.35" s="1.18" />
        </extensions>
      </trkpt>
      <trkpt lat="7.32733667" lon="3.87765333">
        <ele>207.9</ele>
        <time>2026-05-05T16:30:36Z</time>
        <extensions>
          <geotracker:meta c="1.28" s="1.25" />
        </extensions>
      </trkpt>
      <trkpt lat="7.327365" lon="3.87769833">
        <ele>208.3</ele>
        <time>2026-05-05T16:30:41Z</time>
        <extensions>
          <geotracker:meta c="1.1" s="1.14" />
        </extensions>
      </trkpt>
      <trkpt lat="7.32738167" lon="3.87774833">
        <ele>209</ele>
        <time>2026-05-05T16:30:46Z</time>
        <extensions>
          <geotracker:meta c="1.05" s="1" />
        </extensions>
      </trkpt>
      <trkpt lat="7.32740333" lon="3.87779">
        <ele>209.7</ele>
        <time>2026-05-05T16:30:50Z</time>
        <extensions>
          <geotracker:meta c="1.43" s="1.02" />
        </extensions>
      </trkpt>
      <trkpt lat="7.32741667" lon="3.87784333">
        <ele>210</ele>
        <time>2026-05-05T16:30:55Z</time>
        <extensions>
          <geotracker:meta c="1.21" s="1.08" />
        </extensions>
      </trkpt>
      <trkpt lat="7.32742833" lon="3.87789167">
        <ele>209.7</ele>
        <time>2026-05-05T16:30:59Z</time>
        <extensions>
          <geotracker:meta c="1" s="1.13" />
        </extensions>
      </trkpt>
      <trkpt lat="7.32745167" lon="3.87793333">
        <ele>209</ele>
        <time>2026-05-05T16:31:03Z</time>
        <extensions>
          <geotracker:meta c="1.19" s="1.15" />
        </extensions>
      </trkpt>
      <trkpt lat="7.32746" lon="3.87797833">
        <ele>208.3</ele>
        <time>2026-05-05T16:31:08Z</time>
        <extensions>
          <geotracker:meta c="1.11" s="1.2" />
        </extensions>
      </trkpt>
      <trkpt lat="7.327475" lon="3.878025">
        <ele>208.5</ele>
        <time>2026-05-05T16:31:13Z</time>
        <extensions>
          <geotracker:meta c="1.3" s="1.2" />
        </extensions>
      </trkpt>
      <trkpt lat="7.327485" lon="3.87807">
        <ele>209</ele>
        <time>2026-05-05T16:31:18Z</time>
        <extensions>
          <geotracker:meta c="1.22" s="1.05" />
        </extensions>
      </trkpt>
      <trkpt lat="7.32750667" lon="3.87811333">
        <ele>209.4</ele>
        <time>2026-05-05T16:31:23Z</time>
        <extensions>
          <geotracker:meta c="1.13" s="0.97" />
        </extensions>
      </trkpt>
      <trkpt lat="7.32751" lon="3.87816167">
        <ele>209.8</ele>
        <time>2026-05-05T16:31:27Z</time>
        <extensions>
          <geotracker:meta c="1.75" s="0.98" />
        </extensions>
      </trkpt>
      <trkpt lat="7.32753167" lon="3.87821">
        <ele>208.9</ele>
        <time>2026-05-05T16:31:32Z</time>
        <extensions>
          <geotracker:meta c="0.98" s="0.99" />
        </extensions>
      </trkpt>
    </trkseg>
    <trkseg>
      <trkpt lat="7.326185" lon="3.87801">
        <ele>204.9</ele>
        <time>2026-05-07T19:07:12Z</time>
        <extensions>
          <geotracker:meta c="0.12" s="0.27" />
        </extensions>
      </trkpt>
      <trkpt lat="7.32622833" lon="3.878025">
        <ele>205.8</ele>
        <time>2026-05-07T19:07:19Z</time>
        <extensions>
          <geotracker:meta c="0.38" s="0.57" />
        </extensions>
      </trkpt>
      <trkpt lat="7.326275" lon="3.87802333">
        <ele>206.6</ele>
        <time>2026-05-07T19:07:25Z</time>
        <extensions>
          <geotracker:meta c="6.19" s="0.74" />
        </extensions>
      </trkpt>
      <trkpt lat="7.32632833" lon="3.87801833">
        <ele>207.1</ele>
        <time>2026-05-07T19:07:32Z</time>
        <extensions>
          <geotracker:meta c="0.05" s="0.74" />
        </extensions>
      </trkpt>
      <trkpt lat="7.32637833" lon="3.87801833">
        <ele>207.2</ele>
        <time>2026-05-07T19:07:38Z</time>
        <extensions>
          <geotracker:meta c="6.15" s="0.78" />
        </extensions>
      </trkpt>
      <trkpt lat="7.32642833" lon="3.878015">
        <ele>208</ele>
        <time>2026-05-07T19:07:43Z</time>
        <extensions>
          <geotracker:meta c="6.09" s="0.85" />
        </extensions>
      </trkpt>
      <trkpt lat="7.32648" lon="3.87800833">
        <ele>208.5</ele>
        <time>2026-05-07T19:07:48Z</time>
        <extensions>
          <geotracker:meta c="0.08" s="0.97" />
        </extensions>
      </trkpt>
      <trkpt lat="7.32652833" lon="3.87799333">
        <ele>207.4</ele>
        <time>2026-05-07T19:07:59Z</time>
        <extensions>
          <geotracker:meta c="6.04" s="0.45" />
        </extensions>
      </trkpt>
      <trkpt lat="7.32657" lon="3.87796833">
        <ele>210</ele>
        <time>2026-05-07T19:08:06Z</time>
        <extensions>
          <geotracker:meta c="5.92" s="0.85" />
        </extensions>
      </trkpt>
    </trkseg>
    <trkseg>
      <trkpt lat="7.32820667" lon="3.877235">
        <ele>204.4</ele>
        <time>2026-05-09T20:16:24Z</time>
        <extensions>
          <geotracker:meta c="4.1" s="0.32" />
        </extensions>
      </trkpt>
      <trkpt lat="7.32817" lon="3.87720167">
        <ele>204.7</ele>
        <time>2026-05-09T20:16:32Z</time>
        <extensions>
          <geotracker:meta c="4.13" s="0.47" />
        </extensions>
      </trkpt>
      <trkpt lat="7.32815333" lon="3.87715167">
        <ele>205.5</ele>
        <time>2026-05-09T20:16:38Z</time>
        <extensions>
          <geotracker:meta c="4.39" s="0.65" />
        </extensions>
      </trkpt>
      <trkpt lat="7.32813333" lon="3.87711">
        <ele>204.9</ele>
        <time>2026-05-09T20:16:43Z</time>
        <extensions>
          <geotracker:meta c="3.65" s="0.72" />
        </extensions>
      </trkpt>
      <trkpt lat="7.32810167" lon="3.87707167">
        <ele>203.8</ele>
        <time>2026-05-09T20:16:51Z</time>
        <extensions>
          <geotracker:meta c="3.57" s="0.73" />
        </extensions>
      </trkpt>
      <trkpt lat="7.32805667" lon="3.87705">
        <ele>203.6</ele>
        <time>2026-05-09T20:16:56Z</time>
        <extensions>
          <geotracker:meta c="3.41" s="0.84" />
        </extensions>
      </trkpt>
      <trkpt lat="7.32801" lon="3.87702833">
        <ele>204</ele>
        <time>2026-05-09T20:17:01Z</time>
        <extensions>
          <geotracker:meta c="3.48" s="0.96" />
        </extensions>
      </trkpt>
      <trkpt lat="7.32796167" lon="3.87702333">
        <ele>203.3</ele>
        <time>2026-05-09T20:17:06Z</time>
        <extensions>
          <geotracker:meta c="3.13" s="0.98" />
        </extensions>
      </trkpt>
      <trkpt lat="7.32791333" lon="3.87701">
        <ele>203.9</ele>
        <time>2026-05-09T20:17:12Z</time>
        <extensions>
          <geotracker:meta c="3.41" s="0.94" />
        </extensions>
      </trkpt>
      <trkpt lat="7.32787333" lon="3.87698667">
        <ele>203.2</ele>
        <time>2026-05-09T20:17:18Z</time>
        <extensions>
          <geotracker:meta c="3.31" s="0.81" />
        </extensions>
      </trkpt>
      <trkpt lat="7.32782" lon="3.87699833">
        <ele>205</ele>
        <time>2026-05-09T20:17:24Z</time>
        <extensions>
          <geotracker:meta c="2.59" s="0.77" />
        </extensions>
      </trkpt>
      <trkpt lat="7.32776667" lon="3.87700333">
        <ele>207.3</ele>
        <time>2026-05-09T20:17:29Z</time>
        <extensions>
          <geotracker:meta c="3.26" s="0.92" />
        </extensions>
      </trkpt>
      <trkpt lat="7.327715" lon="3.87700667">
        <ele>207.3</ele>
        <time>2026-05-09T20:17:34Z</time>
        <extensions>
          <geotracker:meta c="2.97" s="1.02" />
        </extensions>
      </trkpt>
      <trkpt lat="7.32766667" lon="3.87702">
        <ele>209.1</ele>
        <time>2026-05-09T20:17:40Z</time>
        <extensions>
          <geotracker:meta c="3.2" s="1.1" />
        </extensions>
      </trkpt>
      <trkpt lat="7.32761167" lon="3.87701833">
        <ele>210.2</ele>
        <time>2026-05-09T20:17:46Z</time>
        <extensions>
          <geotracker:meta c="3.25" s="1.06" />
        </extensions>
      </trkpt>
      <trkpt lat="7.32756167" lon="3.877015">
        <ele>210.6</ele>
        <time>2026-05-09T20:17:51Z</time>
        <extensions>
          <geotracker:meta c="3.28" s="1.03" />
        </extensions>
      </trkpt>
      <trkpt lat="7.32751" lon="3.87701333">
        <ele>210.5</ele>
        <time>2026-05-09T20:17:56Z</time>
        <extensions>
          <geotracker:meta c="3.25" s="1.05" />
        </extensions>
      </trkpt>
      <trkpt lat="7.32745833" lon="3.87701333">
        <ele>211.4</ele>
        <time>2026-05-09T20:18:01Z</time>
        <extensions>
          <geotracker:meta c="3.09" s="1.01" />
        </extensions>
      </trkpt>
      <trkpt lat="7.32741" lon="3.87701">
        <ele>210.6</ele>
        <time>2026-05-09T20:18:06Z</time>
        <extensions>
          <geotracker:meta c="3.24" s="1" />
        </extensions>
      </trkpt>
      <trkpt lat="7.32735333" lon="3.87701833">
        <ele>210.9</ele>
        <time>2026-05-09T20:18:12Z</time>
        <extensions>
          <geotracker:meta c="3" s="0.99" />
        </extensions>
      </trkpt>
      <trkpt lat="7.327305" lon="3.87702667">
        <ele>211.5</ele>
        <time>2026-05-09T20:18:17Z</time>
        <extensions>
          <geotracker:meta c="3.16" s="1.04" />
        </extensions>
      </trkpt>
      <trkpt lat="7.32726" lon="3.87700333">
        <ele>212.1</ele>
        <time>2026-05-09T20:18:23Z</time>
        <extensions>
          <geotracker:meta c="3.37" s="1.09" />
        </extensions>
      </trkpt>
      <trkpt lat="7.32721333" lon="3.877005">
        <ele>211</ele>
        <time>2026-05-09T20:18:28Z</time>
        <extensions>
          <geotracker:meta c="3.15" s="0.82" />
        </extensions>
      </trkpt>
      <trkpt lat="7.32716333" lon="3.87702">
        <ele>209.6</ele>
        <time>2026-05-09T20:18:36Z</time>
        <extensions>
          <geotracker:meta c="2.93" s="0.72" />
        </extensions>
      </trkpt>
      <trkpt lat="7.32721167" lon="3.87701167">
        <ele>208.6</ele>
        <time>2026-05-09T20:19:00Z</time>
        <extensions>
          <geotracker:meta c="6.06" s="0.67" />
        </extensions>
      </trkpt>
      <trkpt lat="7.32724167" lon="3.87705333">
        <ele>206.7</ele>
        <time>2026-05-09T20:19:11Z</time>
        <extensions>
          <geotracker:meta c="1.31" s="0.7" />
        </extensions>
      </trkpt>
      <trkpt lat="7.327245" lon="3.87710167">
        <ele>206.7</ele>
        <time>2026-05-09T20:19:16Z</time>
        <extensions>
          <geotracker:meta c="1.37" s="0.81" />
        </extensions>
      </trkpt>
      <trkpt lat="7.32725333" lon="3.87714833">
        <ele>207.7</ele>
        <time>2026-05-09T20:19:20Z</time>
        <extensions>
          <geotracker:meta c="1.5" s="0.9" />
        </extensions>
      </trkpt>
      <trkpt lat="7.32726833" lon="3.87719833">
        <ele>210.2</ele>
        <time>2026-05-09T20:19:25Z</time>
        <extensions>
          <geotracker:meta c="1.35" s="1.04" />
        </extensions>
      </trkpt>
      <trkpt lat="7.32726833" lon="3.87724833">
        <ele>210.7</ele>
        <time>2026-05-09T20:19:30Z</time>
        <extensions>
          <geotracker:meta c="1.4" s="1.15" />
        </extensions>
      </trkpt>
      <trkpt lat="7.32727667" lon="3.877295">
        <ele>210.2</ele>
        <time>2026-05-09T20:19:34Z</time>
        <extensions>
          <geotracker:meta c="1.36" s="1.1" />
        </extensions>
      </trkpt>
      <trkpt lat="7.32728" lon="3.87734333">
        <ele>209.3</ele>
        <time>2026-05-09T20:19:39Z</time>
        <extensions>
          <geotracker:meta c="1.29" s="1.04" />
        </extensions>
      </trkpt>
      <trkpt lat="7.32728833" lon="3.87739167">
        <ele>209.5</ele>
        <time>2026-05-09T20:19:44Z</time>
        <extensions>
          <geotracker:meta c="1.62" s="0.95" />
        </extensions>
      </trkpt>
      <trkpt lat="7.32730167" lon="3.877435">
        <ele>209.2</ele>
        <time>2026-05-09T20:19:49Z</time>
        <extensions>
          <geotracker:meta c="1.19" s="0.91" />
        </extensions>
      </trkpt>
      <trkpt lat="7.327295" lon="3.87748">
        <ele>208.3</ele>
        <time>2026-05-09T20:19:54Z</time>
        <extensions>
          <geotracker:meta c="1.85" s="0.92" />
        </extensions>
      </trkpt>
      <trkpt lat="7.32727" lon="3.87752667">
        <ele>207.7</ele>
        <time>2026-05-09T20:19:59Z</time>
        <extensions>
          <geotracker:meta c="2.17" s="0.96" />
        </extensions>
      </trkpt>
      <trkpt lat="7.32724833" lon="3.87757">
        <ele>207</ele>
        <time>2026-05-09T20:20:03Z</time>
        <extensions>
          <geotracker:meta c="2.08" s="1.08" />
        </extensions>
      </trkpt>
      <trkpt lat="7.32721667" lon="3.87760333">
        <ele>206.9</ele>
        <time>2026-05-09T20:20:08Z</time>
        <extensions>
          <geotracker:meta c="2.68" s="1.03" />
        </extensions>
      </trkpt>
      <trkpt lat="7.327165" lon="3.87760167">
        <ele>207.8</ele>
        <time>2026-05-09T20:20:15Z</time>
        <extensions>
          <geotracker:meta c="3.29" s="0.74" />
        </extensions>
      </trkpt>
      <trkpt lat="7.32711167" lon="3.877615">
        <ele>208.1</ele>
        <time>2026-05-09T20:20:20Z</time>
        <extensions>
          <geotracker:meta c="3.21" s="0.84" />
        </extensions>
      </trkpt>
      <trkpt lat="7.32706333" lon="3.87763667">
        <ele>208.2</ele>
        <time>2026-05-09T20:20:24Z</time>
        <extensions>
          <geotracker:meta c="3.08" s="0.97" />
        </extensions>
      </trkpt>
      <trkpt lat="7.327015" lon="3.87765">
        <ele>208.2</ele>
        <time>2026-05-09T20:20:28Z</time>
        <extensions>
          <geotracker:meta c="3.28" s="1.08" />
        </extensions>
      </trkpt>
      <trkpt lat="7.32697167" lon="3.87766333">
        <ele>207.8</ele>
        <time>2026-05-09T20:20:32Z</time>
        <extensions>
          <geotracker:meta c="3.02" s="1.19" />
        </extensions>
      </trkpt>
      <trkpt lat="7.32692833" lon="3.877685">
        <ele>207</ele>
        <time>2026-05-09T20:20:37Z</time>
        <extensions>
          <geotracker:meta c="2.75" s="1.16" />
        </extensions>
      </trkpt>
      <trkpt lat="7.32688" lon="3.87770667">
        <ele>206.1</ele>
        <time>2026-05-09T20:20:42Z</time>
        <extensions>
          <geotracker:meta c="2.94" s="1.1" />
        </extensions>
      </trkpt>
      <trkpt lat="7.32683667" lon="3.877725">
        <ele>205.3</ele>
        <time>2026-05-09T20:20:46Z</time>
        <extensions>
          <geotracker:meta c="2.72" s="1.12" />
        </extensions>
      </trkpt>
      <trkpt lat="7.32679167" lon="3.877745">
        <ele>206</ele>
        <time>2026-05-09T20:20:51Z</time>
        <extensions>
          <geotracker:meta c="2.87" s="1.11" />
        </extensions>
      </trkpt>
      <trkpt lat="7.32675167" lon="3.87777167">
        <ele>205.6</ele>
        <time>2026-05-09T20:20:55Z</time>
        <extensions>
          <geotracker:meta c="2.74" s="1.12" />
        </extensions>
      </trkpt>
      <trkpt lat="7.32671" lon="3.87779667">
        <ele>204.8</ele>
        <time>2026-05-09T20:20:59Z</time>
        <extensions>
          <geotracker:meta c="2.84" s="1.14" />
        </extensions>
      </trkpt>
      <trkpt lat="7.32666167" lon="3.87781833">
        <ele>203.4</ele>
        <time>2026-05-09T20:21:06Z</time>
        <extensions>
          <geotracker:meta c="2.87" s="1.09" />
        </extensions>
      </trkpt>
      <trkpt lat="7.32661333" lon="3.87782667">
        <ele>205.5</ele>
        <time>2026-05-09T20:21:10Z</time>
        <extensions>
          <geotracker:meta c="3.13" s="1.21" />
        </extensions>
      </trkpt>
      <trkpt lat="7.32656" lon="3.877825">
        <ele>206.4</ele>
        <time>2026-05-09T20:21:14Z</time>
        <extensions>
          <geotracker:meta c="2.97" s="1.22" />
        </extensions>
      </trkpt>
      <trkpt lat="7.32650833" lon="3.87783167">
        <ele>207.8</ele>
        <time>2026-05-09T20:21:18Z</time>
        <extensions>
          <geotracker:meta c="2.69" s="1.18" />
        </extensions>
      </trkpt>
      <trkpt lat="7.32646167" lon="3.87785167">
        <ele>208.8</ele>
        <time>2026-05-09T20:21:23Z</time>
        <extensions>
          <geotracker:meta c="2.92" s="1.09" />
        </extensions>
      </trkpt>
      <trkpt lat="7.32642667" lon="3.87788167">
        <ele>207.5</ele>
        <time>2026-05-09T20:21:30Z</time>
        <extensions>
          <geotracker:meta c="2.79" s="0.74" />
        </extensions>
      </trkpt>
      <trkpt lat="7.326425" lon="3.877935">
        <ele>206.1</ele>
        <time>2026-05-09T20:21:48Z</time>
        <extensions>
          <geotracker:meta c="1.47" s="0.63" />
        </extensions>
      </trkpt>
      <trkpt lat="7.32643833" lon="3.87798667">
        <ele>205.9</ele>
        <time>2026-05-09T20:21:53Z</time>
        <extensions>
          <geotracker:meta c="1.46" s="0.92" />
        </extensions>
      </trkpt>
      <trkpt lat="7.326445" lon="3.87803333">
        <ele>205.5</ele>
        <time>2026-05-09T20:21:58Z</time>
        <extensions>
          <geotracker:meta c="1.58" s="1.08" />
        </extensions>
      </trkpt>
      <trkpt lat="7.32644833" lon="3.87808167">
        <ele>204.9</ele>
        <time>2026-05-09T20:22:03Z</time>
        <extensions>
          <geotracker:meta c="1.73" s="1.13" />
        </extensions>
      </trkpt>
      <trkpt lat="7.32644833" lon="3.87812833">
        <ele>205.1</ele>
        <time>2026-05-09T20:22:08Z</time>
        <extensions>
          <geotracker:meta c="1.64" s="1.07" />
        </extensions>
      </trkpt>
      <trkpt lat="7.32644667" lon="3.87818667">
        <ele>204</ele>
        <time>2026-05-09T20:22:13Z</time>
        <extensions>
          <geotracker:meta c="1.56" s="1.04" />
        </extensions>
      </trkpt>
      <trkpt lat="7.326455" lon="3.87823333">
        <ele>204.2</ele>
        <time>2026-05-09T20:22:18Z</time>
        <extensions>
          <geotracker:meta c="1.44" s="1.07" />
        </extensions>
      </trkpt>
      <trkpt lat="7.32644667" lon="3.87828667">
        <ele>204.4</ele>
        <time>2026-05-09T20:22:24Z</time>
        <extensions>
          <geotracker:meta c="1.32" s="0.96" />
        </extensions>
      </trkpt>
      <trkpt lat="7.326455" lon="3.87834">
        <ele>204.3</ele>
        <time>2026-05-09T20:22:30Z</time>
        <extensions>
          <geotracker:meta c="1.68" s="1.01" />
        </extensions>
      </trkpt>
      <trkpt lat="7.32645333" lon="3.878395">
        <ele>205.6</ele>
        <time>2026-05-09T20:22:36Z</time>
        <extensions>
          <geotracker:meta c="1.32" s="1" />
        </extensions>
      </trkpt>
      <trkpt lat="7.32646667" lon="3.87844167">
        <ele>205.3</ele>
        <time>2026-05-09T20:22:41Z</time>
        <extensions>
          <geotracker:meta c="1.23" s="0.95" />
        </extensions>
      </trkpt>
      <trkpt lat="7.32647333" lon="3.87849333">
        <ele>205.8</ele>
        <time>2026-05-09T20:22:46Z</time>
        <extensions>
          <geotracker:meta c="1.58" s="1.01" />
        </extensions>
      </trkpt>
      <trkpt lat="7.32647833" lon="3.87854333">
        <ele>205.5</ele>
        <time>2026-05-09T20:22:51Z</time>
        <extensions>
          <geotracker:meta c="1.48" s="1.02" />
        </extensions>
      </trkpt>
      <trkpt lat="7.326475" lon="3.87859667">
        <ele>204.8</ele>
        <time>2026-05-09T20:22:57Z</time>
        <extensions>
          <geotracker:meta c="1.61" s="0.79" />
        </extensions>
      </trkpt>
      <trkpt lat="7.32647667" lon="3.87864667">
        <ele>203.5</ele>
        <time>2026-05-09T20:23:02Z</time>
        <extensions>
          <geotracker:meta c="1.41" s="0.91" />
        </extensions>
      </trkpt>
      <trkpt lat="7.326485" lon="3.87869167">
        <ele>202.4</ele>
        <time>2026-05-09T20:23:07Z</time>
        <extensions>
          <geotracker:meta c="1.34" s="1.06" />
        </extensions>
      </trkpt>
      <trkpt lat="7.32650167" lon="3.87874">
        <ele>202.1</ele>
        <time>2026-05-09T20:23:12Z</time>
        <extensions>
          <geotracker:meta c="1.32" s="1.03" />
        </extensions>
      </trkpt>
      <trkpt lat="7.32650333" lon="3.87878667">
        <ele>201.6</ele>
        <time>2026-05-09T20:23:17Z</time>
        <extensions>
          <geotracker:meta c="1.52" s="0.93" />
        </extensions>
      </trkpt>
      <trkpt lat="7.326505" lon="3.87883833">
        <ele>200.4</ele>
        <time>2026-05-09T20:23:22Z</time>
        <extensions>
          <geotracker:meta c="1.45" s="0.95" />
        </extensions>
      </trkpt>
      <trkpt lat="7.326515" lon="3.87888333">
        <ele>200.1</ele>
        <time>2026-05-09T20:23:26Z</time>
        <extensions>
          <geotracker:meta c="1.44" s="1.06" />
        </extensions>
      </trkpt>
      <trkpt lat="7.32652167" lon="3.878935">
        <ele>200.4</ele>
        <time>2026-05-09T20:23:31Z</time>
        <extensions>
          <geotracker:meta c="1.36" s="1.03" />
        </extensions>
      </trkpt>
      <trkpt lat="7.32652167" lon="3.87898333">
        <ele>201.1</ele>
        <time>2026-05-09T20:23:35Z</time>
        <extensions>
          <geotracker:meta c="1.26" s="1.08" />
        </extensions>
      </trkpt>
      <trkpt lat="7.32652833" lon="3.87903">
        <ele>201.5</ele>
        <time>2026-05-09T20:23:40Z</time>
        <extensions>
          <geotracker:meta c="1.24" s="1.01" />
        </extensions>
      </trkpt>
      <trkpt lat="7.32653667" lon="3.87908">
        <ele>201.6</ele>
        <time>2026-05-09T20:23:46Z</time>
        <extensions>
          <geotracker:meta c="1.52" s="0.96" />
        </extensions>
      </trkpt>
      <trkpt lat="7.32654667" lon="3.87913333">
        <ele>202.2</ele>
        <time>2026-05-09T20:23:51Z</time>
        <extensions>
          <geotracker:meta c="1.59" s="1.03" />
        </extensions>
      </trkpt>
      <trkpt lat="7.32655833" lon="3.87918167">
        <ele>201.1</ele>
        <time>2026-05-09T20:23:56Z</time>
        <extensions>
          <geotracker:meta c="1.39" s="1.07" />
        </extensions>
      </trkpt>
      <trkpt lat="7.32656833" lon="3.87922833">
        <ele>200.4</ele>
        <time>2026-05-09T20:24:01Z</time>
        <extensions>
          <geotracker:meta c="1.34" s="1.07" />
        </extensions>
      </trkpt>
      <trkpt lat="7.32657333" lon="3.87927833">
        <ele>201.3</ele>
        <time>2026-05-09T20:24:05Z</time>
        <extensions>
          <geotracker:meta c="1.28" s="1.11" />
        </extensions>
      </trkpt>
      <trkpt lat="7.32657833" lon="3.87932667">
        <ele>201.7</ele>
        <time>2026-05-09T20:24:09Z</time>
        <extensions>
          <geotracker:meta c="1.53" s="1.12" />
        </extensions>
      </trkpt>
      <trkpt lat="7.32659333" lon="3.87937167">
        <ele>202.8</ele>
        <time>2026-05-09T20:24:14Z</time>
        <extensions>
          <geotracker:meta c="1.36" s="1.14" />
        </extensions>
      </trkpt>
      <trkpt lat="7.32661167" lon="3.879415">
        <ele>204.2</ele>
        <time>2026-05-09T20:24:18Z</time>
        <extensions>
          <geotracker:meta c="1.35" s="1.16" />
        </extensions>
      </trkpt>
      <trkpt lat="7.326625" lon="3.87946833">
        <ele>204.2</ele>
        <time>2026-05-09T20:24:23Z</time>
        <extensions>
          <geotracker:meta c="1.49" s="1.21" />
        </extensions>
      </trkpt>
      <trkpt lat="7.32663833" lon="3.87952">
        <ele>203.2</ele>
        <time>2026-05-09T20:24:28Z</time>
        <extensions>
          <geotracker:meta c="1.45" s="1.21" />
        </extensions>
      </trkpt>
      <trkpt lat="7.32664667" lon="3.87956667">
        <ele>203.8</ele>
        <time>2026-05-09T20:24:32Z</time>
        <extensions>
          <geotracker:meta c="1.36" s="1.22" />
        </extensions>
      </trkpt>
      <trkpt lat="7.326655" lon="3.87961833">
        <ele>204.5</ele>
        <time>2026-05-09T20:24:37Z</time>
        <extensions>
          <geotracker:meta c="1.41" s="1.12" />
        </extensions>
      </trkpt>
      <trkpt lat="7.32666833" lon="3.87966833">
        <ele>204.5</ele>
        <time>2026-05-09T20:24:42Z</time>
        <extensions>
          <geotracker:meta c="1.16" s="1.05" />
        </extensions>
      </trkpt>
      <trkpt lat="7.32669167" lon="3.87971667">
        <ele>203.9</ele>
        <time>2026-05-09T20:24:46Z</time>
        <extensions>
          <geotracker:meta c="1.27" s="1.17" />
        </extensions>
      </trkpt>
      <trkpt lat="7.32671" lon="3.87976667">
        <ele>204.4</ele>
        <time>2026-05-09T20:24:51Z</time>
        <extensions>
          <geotracker:meta c="1.48" s="1.18" />
        </extensions>
      </trkpt>
      <trkpt lat="7.32672667" lon="3.87981">
        <ele>204.8</ele>
        <time>2026-05-09T20:24:55Z</time>
        <extensions>
          <geotracker:meta c="1.39" s="1.11" />
        </extensions>
      </trkpt>
      <trkpt lat="7.326745" lon="3.87985333">
        <ele>204.5</ele>
        <time>2026-05-09T20:24:59Z</time>
        <extensions>
          <geotracker:meta c="1.25" s="1.11" />
        </extensions>
      </trkpt>
      <trkpt lat="7.32676" lon="3.87990667">
        <ele>204.7</ele>
        <time>2026-05-09T20:25:04Z</time>
        <extensions>
          <geotracker:meta c="1.29" s="1.12" />
        </extensions>
      </trkpt>
      <trkpt lat="7.32677833" lon="3.879955">
        <ele>204.3</ele>
        <time>2026-05-09T20:25:09Z</time>
        <extensions>
          <geotracker:meta c="1.12" s="1.08" />
        </extensions>
      </trkpt>
      <trkpt lat="7.3268" lon="3.88">
        <ele>203.4</ele>
        <time>2026-05-09T20:25:14Z</time>
        <extensions>
          <geotracker:meta c="1.24" s="1.11" />
        </extensions>
      </trkpt>
      <trkpt lat="7.32681167" lon="3.88004667">
        <ele>202.9</ele>
        <time>2026-05-09T20:25:19Z</time>
        <extensions>
          <geotracker:meta c="1.07" s="1.11" />
        </extensions>
      </trkpt>
      <trkpt lat="7.32684667" lon="3.88008">
        <ele>201.6</ele>
        <time>2026-05-09T20:25:24Z</time>
        <extensions>
          <geotracker:meta c="0.99" s="1.01" />
        </extensions>
      </trkpt>
      <trkpt lat="7.32687" lon="3.88012167">
        <ele>201.2</ele>
        <time>2026-05-09T20:25:28Z</time>
        <extensions>
          <geotracker:meta c="1.19" s="1.07" />
        </extensions>
      </trkpt>
      <trkpt lat="7.32688333" lon="3.88017167">
        <ele>201.4</ele>
        <time>2026-05-09T20:25:32Z</time>
        <extensions>
          <geotracker:meta c="1.49" s="1.12" />
        </extensions>
      </trkpt>
      <trkpt lat="7.32691333" lon="3.88021333">
        <ele>201.4</ele>
        <time>2026-05-09T20:25:37Z</time>
        <extensions>
          <geotracker:meta c="1.2" s="1.12" />
        </extensions>
      </trkpt>
      <trkpt lat="7.32693167" lon="3.88025667">
        <ele>201.2</ele>
        <time>2026-05-09T20:25:41Z</time>
        <extensions>
          <geotracker:meta c="1.21" s="1.09" />
        </extensions>
      </trkpt>
      <trkpt lat="7.32694167" lon="3.88030333">
        <ele>200.7</ele>
        <time>2026-05-09T20:25:46Z</time>
        <extensions>
          <geotracker:meta c="0.95" s="1.11" />
        </extensions>
      </trkpt>
      <trkpt lat="7.32697" lon="3.88034167">
        <ele>200.1</ele>
        <time>2026-05-09T20:25:50Z</time>
        <extensions>
          <geotracker:meta c="1.06" s="1.11" />
        </extensions>
      </trkpt>
      <trkpt lat="7.32699167" lon="3.88038333">
        <ele>200.4</ele>
        <time>2026-05-09T20:25:54Z</time>
        <extensions>
          <geotracker:meta c="1.14" s="1.11" />
        </extensions>
      </trkpt>
      <trkpt lat="7.32701333" lon="3.88043833">
        <ele>200.3</ele>
        <time>2026-05-09T20:25:59Z</time>
        <extensions>
          <geotracker:meta c="1.04" s="1.17" />
        </extensions>
      </trkpt>
      <trkpt lat="7.32703833" lon="3.88048833">
        <ele>200.4</ele>
        <time>2026-05-09T20:26:04Z</time>
        <extensions>
          <geotracker:meta c="1.22" s="1.16" />
        </extensions>
      </trkpt>
      <trkpt lat="7.32705833" lon="3.88053">
        <ele>200.4</ele>
        <time>2026-05-09T20:26:09Z</time>
        <extensions>
          <geotracker:meta c="1.21" s="1.07" />
        </extensions>
      </trkpt>
      <trkpt lat="7.32708667" lon="3.88057667">
        <ele>200.1</ele>
        <time>2026-05-09T20:26:15Z</time>
        <extensions>
          <geotracker:meta c="0.97" s="1.03" />
        </extensions>
      </trkpt>
      <trkpt lat="7.32710833" lon="3.88062">
        <ele>201.4</ele>
        <time>2026-05-09T20:26:19Z</time>
        <extensions>
          <geotracker:meta c="1.3" s="1.14" />
        </extensions>
      </trkpt>
      <trkpt lat="7.32713" lon="3.880665">
        <ele>204.1</ele>
        <time>2026-05-09T20:26:23Z</time>
        <extensions>
          <geotracker:meta c="1.23" s="1.13" />
        </extensions>
      </trkpt>
      <trkpt lat="7.327145" lon="3.88070833">
        <ele>205.8</ele>
        <time>2026-05-09T20:26:27Z</time>
        <extensions>
          <geotracker:meta c="1.29" s="1.17" />
        </extensions>
      </trkpt>
      <trkpt lat="7.32716833" lon="3.88075667">
        <ele>206</ele>
        <time>2026-05-09T20:26:32Z</time>
        <extensions>
          <geotracker:meta c="1.18" s="1.21" />
        </extensions>
      </trkpt>
      <trkpt lat="7.327185" lon="3.88080667">
        <ele>205</ele>
        <time>2026-05-09T20:26:37Z</time>
        <extensions>
          <geotracker:meta c="1.27" s="1.2" />
        </extensions>
      </trkpt>
      <trkpt lat="7.32721" lon="3.88085667">
        <ele>204.4</ele>
        <time>2026-05-09T20:26:42Z</time>
        <extensions>
          <geotracker:meta c="1.18" s="1.17" />
        </extensions>
      </trkpt>
      <trkpt lat="7.32722667" lon="3.88090167">
        <ele>205.6</ele>
        <time>2026-05-09T20:26:46Z</time>
        <extensions>
          <geotracker:meta c="1.54" s="1.17" />
        </extensions>
      </trkpt>
      <trkpt lat="7.32724333" lon="3.88095">
        <ele>206.3</ele>
        <time>2026-05-09T20:26:50Z</time>
        <extensions>
          <geotracker:meta c="1.04" s="1.19" />
        </extensions>
      </trkpt>
      <trkpt lat="7.32725667" lon="3.880995">
        <ele>203.9</ele>
        <time>2026-05-09T20:26:54Z</time>
        <extensions>
          <geotracker:meta c="1.01" s="1.17" />
        </extensions>
      </trkpt>
      <trkpt lat="7.32728833" lon="3.88103333">
        <ele>201.7</ele>
        <time>2026-05-09T20:27:00Z</time>
        <extensions>
          <geotracker:meta c="1.06" s="1.18" />
        </extensions>
      </trkpt>
      <trkpt lat="7.32731167" lon="3.881085">
        <ele>200.5</ele>
        <time>2026-05-09T20:27:06Z</time>
        <extensions>
          <geotracker:meta c="1.14" s="1.19" />
        </extensions>
      </trkpt>
      <trkpt lat="7.32733333" lon="3.88113">
        <ele>200</ele>
        <time>2026-05-09T20:27:11Z</time>
        <extensions>
          <geotracker:meta c="1.09" s="1.11" />
        </extensions>
      </trkpt>
      <trkpt lat="7.32736833" lon="3.88116667">
        <ele>200.5</ele>
        <time>2026-05-09T20:27:15Z</time>
        <extensions>
          <geotracker:meta c="1.02" s="1.11" />
        </extensions>
      </trkpt>
      <trkpt lat="7.32738667" lon="3.88121667">
        <ele>200.9</ele>
        <time>2026-05-09T20:27:20Z</time>
        <extensions>
          <geotracker:meta c="1.39" s="1.11" />
        </extensions>
      </trkpt>
      <trkpt lat="7.32740667" lon="3.88125833">
        <ele>202</ele>
        <time>2026-05-09T20:27:24Z</time>
        <extensions>
          <geotracker:meta c="1.08" s="1.13" />
        </extensions>
      </trkpt>
      <trkpt lat="7.32742667" lon="3.88131">
        <ele>203.1</ele>
        <time>2026-05-09T20:27:29Z</time>
        <extensions>
          <geotracker:meta c="1.16" s="1.13" />
        </extensions>
      </trkpt>
      <trkpt lat="7.32744667" lon="3.88135167">
        <ele>203</ele>
        <time>2026-05-09T20:27:33Z</time>
        <extensions>
          <geotracker:meta c="1.18" s="1.11" />
        </extensions>
      </trkpt>
      <trkpt lat="7.32747167" lon="3.881395">
        <ele>203.3</ele>
        <time>2026-05-09T20:27:37Z</time>
        <extensions>
          <geotracker:meta c="0.95" s="1.16" />
        </extensions>
      </trkpt>
      <trkpt lat="7.327495" lon="3.881435">
        <ele>203.1</ele>
        <time>2026-05-09T20:27:41Z</time>
        <extensions>
          <geotracker:meta c="0.94" s="1.13" />
        </extensions>
      </trkpt>
      <trkpt lat="7.32752833" lon="3.88148167">
        <ele>202.9</ele>
        <time>2026-05-09T20:27:46Z</time>
        <extensions>
          <geotracker:meta c="0.98" s="1.07" />
        </extensions>
      </trkpt>
      <trkpt lat="7.32755667" lon="3.881525">
        <ele>203.5</ele>
        <time>2026-05-09T20:27:50Z</time>
        <extensions>
          <geotracker:meta c="0.78" s="1.01" />
        </extensions>
      </trkpt>
      <trkpt lat="7.32759167" lon="3.88155833">
        <ele>204</ele>
        <time>2026-05-09T20:27:54Z</time>
        <extensions>
          <geotracker:meta c="0.9" s="1.09" />
        </extensions>
      </trkpt>
      <trkpt lat="7.32761833" lon="3.88160667">
        <ele>204.6</ele>
        <time>2026-05-09T20:27:59Z</time>
        <extensions>
          <geotracker:meta c="1" s="1.15" />
        </extensions>
      </trkpt>
      <trkpt lat="7.32764333" lon="3.88164667">
        <ele>205.4</ele>
        <time>2026-05-09T20:28:03Z</time>
        <extensions>
          <geotracker:meta c="1.18" s="1.16" />
        </extensions>
      </trkpt>
      <trkpt lat="7.32767167" lon="3.88168333">
        <ele>206.2</ele>
        <time>2026-05-09T20:28:07Z</time>
        <extensions>
          <geotracker:meta c="0.98" s="1.17" />
        </extensions>
      </trkpt>
      <trkpt lat="7.3277" lon="3.88172167">
        <ele>206</ele>
        <time>2026-05-09T20:28:11Z</time>
        <extensions>
          <geotracker:meta c="1.04" s="1.15" />
        </extensions>
      </trkpt>
      <trkpt lat="7.32772667" lon="3.88176167">
        <ele>205.9</ele>
        <time>2026-05-09T20:28:15Z</time>
        <extensions>
          <geotracker:meta c="1.11" s="1.25" />
        </extensions>
      </trkpt>
      <trkpt lat="7.327755" lon="3.881805">
        <ele>205.8</ele>
        <time>2026-05-09T20:28:19Z</time>
        <extensions>
          <geotracker:meta c="1.09" s="1.23" />
        </extensions>
      </trkpt>
      <trkpt lat="7.32778833" lon="3.88185167">
        <ele>204.4</ele>
        <time>2026-05-09T20:28:24Z</time>
        <extensions>
          <geotracker:meta c="1.03" s="1.23" />
        </extensions>
      </trkpt>
      <trkpt lat="7.32780667" lon="3.881895">
        <ele>204</ele>
        <time>2026-05-09T20:28:28Z</time>
        <extensions>
          <geotracker:meta c="0.97" s="1.21" />
        </extensions>
      </trkpt>
      <trkpt lat="7.32783667" lon="3.88194167">
        <ele>203.8</ele>
        <time>2026-05-09T20:28:34Z</time>
        <extensions>
          <geotracker:meta c="0.98" s="1.12" />
        </extensions>
      </trkpt>
      <trkpt lat="7.32785667" lon="3.88199167">
        <ele>204</ele>
        <time>2026-05-09T20:28:39Z</time>
        <extensions>
          <geotracker:meta c="1.08" s="1.08" />
        </extensions>
      </trkpt>
      <trkpt lat="7.32788833" lon="3.882025">
        <ele>202.4</ele>
        <time>2026-05-09T20:28:43Z</time>
        <extensions>
          <geotracker:meta c="0.82" s="1.12" />
        </extensions>
      </trkpt>
      <trkpt lat="7.32792" lon="3.88206333">
        <ele>201.9</ele>
        <time>2026-05-09T20:28:48Z</time>
        <extensions>
          <geotracker:meta c="0.71" s="1.11" />
        </extensions>
      </trkpt>
      <trkpt lat="7.327945" lon="3.882105">
        <ele>201.6</ele>
        <time>2026-05-09T20:28:53Z</time>
        <extensions>
          <geotracker:meta c="1.17" s="1.15" />
        </extensions>
      </trkpt>
      <trkpt lat="7.32797833" lon="3.882145">
        <ele>200.7</ele>
        <time>2026-05-09T20:28:57Z</time>
        <extensions>
          <geotracker:meta c="0.99" s="1.18" />
        </extensions>
      </trkpt>
      <trkpt lat="7.32800167" lon="3.88219">
        <ele>202.2</ele>
        <time>2026-05-09T20:29:01Z</time>
        <extensions>
          <geotracker:meta c="1.02" s="1.2" />
        </extensions>
      </trkpt>
      <trkpt lat="7.32802167" lon="3.88223167">
        <ele>202.5</ele>
        <time>2026-05-09T20:29:05Z</time>
        <extensions>
          <geotracker:meta c="1.02" s="1.16" />
        </extensions>
      </trkpt>
      <trkpt lat="7.32805" lon="3.88227">
        <ele>202.1</ele>
        <time>2026-05-09T20:29:09Z</time>
        <extensions>
          <geotracker:meta c="1" s="1.1" />
        </extensions>
      </trkpt>
      <trkpt lat="7.328075" lon="3.88230833">
        <ele>202.8</ele>
        <time>2026-05-09T20:29:13Z</time>
        <extensions>
          <geotracker:meta c="1.04" s="1.08" />
        </extensions>
      </trkpt>
      <trkpt lat="7.32811167" lon="3.88234667">
        <ele>202.9</ele>
        <time>2026-05-09T20:29:18Z</time>
        <extensions>
          <geotracker:meta c="0.81" s="1.12" />
        </extensions>
      </trkpt>
      <trkpt lat="7.32814" lon="3.88238833">
        <ele>203.3</ele>
        <time>2026-05-09T20:29:22Z</time>
        <extensions>
          <geotracker:meta c="1.18" s="1.19" />
        </extensions>
      </trkpt>
      <trkpt lat="7.328165" lon="3.88243167">
        <ele>203.8</ele>
        <time>2026-05-09T20:29:26Z</time>
        <extensions>
          <geotracker:meta c="0.84" s="1.24" />
        </extensions>
      </trkpt>
      <trkpt lat="7.32820333" lon="3.88246833">
        <ele>204.7</ele>
        <time>2026-05-09T20:29:32Z</time>
        <extensions>
          <geotracker:meta c="0.97" s="1.05" />
        </extensions>
      </trkpt>
      <trkpt lat="7.32822833" lon="3.88250667">
        <ele>204</ele>
        <time>2026-05-09T20:29:36Z</time>
        <extensions>
          <geotracker:meta c="1.1" s="0.99" />
        </extensions>
      </trkpt>
      <trkpt lat="7.328255" lon="3.882545">
        <ele>202.9</ele>
        <time>2026-05-09T20:29:41Z</time>
        <extensions>
          <geotracker:meta c="1.16" s="1.05" />
        </extensions>
      </trkpt>
      <trkpt lat="7.32826833" lon="3.88259167">
        <ele>204</ele>
        <time>2026-05-09T20:29:45Z</time>
        <extensions>
          <geotracker:meta c="1.19" s="1.05" />
        </extensions>
      </trkpt>
      <trkpt lat="7.32830333" lon="3.88263333">
        <ele>204</ele>
        <time>2026-05-09T20:29:50Z</time>
        <extensions>
          <geotracker:meta c="0.95" s="1.04" />
        </extensions>
      </trkpt>
      <trkpt lat="7.32832833" lon="3.88267833">
        <ele>204</ele>
        <time>2026-05-09T20:29:56Z</time>
        <extensions>
          <geotracker:meta c="0.8" s="1" />
        </extensions>
      </trkpt>
      <trkpt lat="7.32837333" lon="3.88269167">
        <ele>202.3</ele>
        <time>2026-05-09T20:30:17Z</time>
        <extensions>
          <geotracker:meta c="6.2" s="0.31" />
        </extensions>
      </trkpt>
      <trkpt lat="7.328415" lon="3.88266333">
        <ele>202.8</ele>
        <time>2026-05-09T20:30:24Z</time>
        <extensions>
          <geotracker:meta c="5.51" s="0.65" />
        </extensions>
      </trkpt>
      <trkpt lat="7.328405" lon="3.88258667">
        <ele>204.3</ele>
        <time>2026-05-09T20:30:42Z</time>
        <extensions>
          <geotracker:meta c="4.15" s="0.53" />
        </extensions>
      </trkpt>
      <trkpt lat="7.32836833" lon="3.882545">
        <ele>204.1</ele>
        <time>2026-05-09T20:30:48Z</time>
        <extensions>
          <geotracker:meta c="4.02" s="0.88" />
        </extensions>
      </trkpt>
      <trkpt lat="7.328335" lon="3.882505">
        <ele>203.5</ele>
        <time>2026-05-09T20:30:53Z</time>
        <extensions>
          <geotracker:meta c="3.76" s="0.99" />
        </extensions>
      </trkpt>
      <trkpt lat="7.32829833" lon="3.88246667">
        <ele>203.9</ele>
        <time>2026-05-09T20:30:58Z</time>
        <extensions>
          <geotracker:meta c="4.08" s="1.04" />
        </extensions>
      </trkpt>
      <trkpt lat="7.32826333" lon="3.88243667">
        <ele>204.1</ele>
        <time>2026-05-09T20:31:03Z</time>
        <extensions>
          <geotracker:meta c="3.68" s="0.92" />
        </extensions>
      </trkpt>
      <trkpt lat="7.32823667" lon="3.88238833">
        <ele>204.3</ele>
        <time>2026-05-09T20:31:09Z</time>
        <extensions>
          <geotracker:meta c="4.08" s="0.84" />
        </extensions>
      </trkpt>
      <trkpt lat="7.32821333" lon="3.882345">
        <ele>203.9</ele>
        <time>2026-05-09T20:31:14Z</time>
        <extensions>
          <geotracker:meta c="4.03" s="0.89" />
        </extensions>
      </trkpt>
      <trkpt lat="7.32818667" lon="3.88229833">
        <ele>202.8</ele>
        <time>2026-05-09T20:31:19Z</time>
        <extensions>
          <geotracker:meta c="3.91" s="0.9" />
        </extensions>
      </trkpt>
      <trkpt lat="7.32816167" lon="3.88224667">
        <ele>203</ele>
        <time>2026-05-09T20:31:25Z</time>
        <extensions>
          <geotracker:meta c="4.44" s="0.85" />
        </extensions>
      </trkpt>
      <trkpt lat="7.32813" lon="3.882205">
        <ele>203.5</ele>
        <time>2026-05-09T20:31:29Z</time>
        <extensions>
          <geotracker:meta c="4.45" s="0.91" />
        </extensions>
      </trkpt>
      <trkpt lat="7.32811" lon="3.88215333">
        <ele>202.6</ele>
        <time>2026-05-09T20:31:34Z</time>
        <extensions>
          <geotracker:meta c="4.15" s="0.98" />
        </extensions>
      </trkpt>
      <trkpt lat="7.32807667" lon="3.88211">
        <ele>203.1</ele>
        <time>2026-05-09T20:31:38Z</time>
        <extensions>
          <geotracker:meta c="4.3" s="1.04" />
        </extensions>
      </trkpt>
      <trkpt lat="7.32805333" lon="3.88206333">
        <ele>204</ele>
        <time>2026-05-09T20:31:42Z</time>
        <extensions>
          <geotracker:meta c="4.25" s="1.28" />
        </extensions>
      </trkpt>
      <trkpt lat="7.328035" lon="3.88201833">
        <ele>204.4</ele>
        <time>2026-05-09T20:31:45Z</time>
        <extensions>
          <geotracker:meta c="4.4" s="1.39" />
        </extensions>
      </trkpt>
      <trkpt lat="7.32801" lon="3.881975">
        <ele>206.4</ele>
        <time>2026-05-09T20:31:51Z</time>
        <extensions>
          <geotracker:meta c="4.15" s="1.19" />
        </extensions>
      </trkpt>
      <trkpt lat="7.32798333" lon="3.88193833">
        <ele>207.6</ele>
        <time>2026-05-09T20:31:56Z</time>
        <extensions>
          <geotracker:meta c="4.15" s="0.99" />
        </extensions>
      </trkpt>
      <trkpt lat="7.32795833" lon="3.881895">
        <ele>207</ele>
        <time>2026-05-09T20:32:01Z</time>
        <extensions>
          <geotracker:meta c="4.13" s="1.02" />
        </extensions>
      </trkpt>
      <trkpt lat="7.327925" lon="3.88185667">
        <ele>206.6</ele>
        <time>2026-05-09T20:32:06Z</time>
        <extensions>
          <geotracker:meta c="3.72" s="0.99" />
        </extensions>
      </trkpt>
      <trkpt lat="7.32789333" lon="3.88182">
        <ele>206.6</ele>
        <time>2026-05-09T20:32:13Z</time>
        <extensions>
          <geotracker:meta c="4.39" s="0.83" />
        </extensions>
      </trkpt>
      <trkpt lat="7.32787167" lon="3.88178">
        <ele>206</ele>
        <time>2026-05-09T20:32:19Z</time>
        <extensions>
          <geotracker:meta c="4.21" s="0.7" />
        </extensions>
      </trkpt>
      <trkpt lat="7.32785167" lon="3.881735">
        <ele>204</ele>
        <time>2026-05-09T20:32:26Z</time>
        <extensions>
          <geotracker:meta c="4.13" s="0.61" />
        </extensions>
      </trkpt>
      <trkpt lat="7.32781667" lon="3.8817">
        <ele>202.8</ele>
        <time>2026-05-09T20:32:33Z</time>
        <extensions>
          <geotracker:meta c="3.94" s="0.74" />
        </extensions>
      </trkpt>
    </trkseg>
    <trkseg>
      <trkpt lat="7.32861833" lon="3.88162333">
        <ele>215.1</ele>
        <time>2026-05-09T20:36:25Z</time>
        <extensions>
          <geotracker:meta c="2.1" s="0.3" />
        </extensions>
      </trkpt>
      <trkpt lat="7.3286" lon="3.881665">
        <ele>216</ele>
        <time>2026-05-09T20:36:32Z</time>
        <extensions>
          <geotracker:meta c="2.53" s="0.45" />
        </extensions>
      </trkpt>
    </trkseg>
    <trkseg>
      <trkpt lat="7.32846" lon="3.88123">
        <ele>209.8</ele>
        <time>2026-05-09T20:37:53Z</time>
        <extensions>
          <geotracker:meta c="1.31" s="0.4" />
        </extensions>
      </trkpt>
      <trkpt lat="7.32848" lon="3.88127167">
        <ele>209.4</ele>
        <time>2026-05-09T20:38:00Z</time>
        <extensions>
          <geotracker:meta c="1" s="0.75" />
        </extensions>
      </trkpt>
      <trkpt lat="7.32850167" lon="3.88131833">
        <ele>209.4</ele>
        <time>2026-05-09T20:38:08Z</time>
        <extensions>
          <geotracker:meta c="1.01" s="0.68" />
        </extensions>
      </trkpt>
      <trkpt lat="7.32852333" lon="3.88136333">
        <ele>207.8</ele>
        <time>2026-05-09T20:38:15Z</time>
        <extensions>
          <geotracker:meta c="1.03" s="0.8" />
        </extensions>
      </trkpt>
      <trkpt lat="7.32853833" lon="3.88140667">
        <ele>207.6</ele>
        <time>2026-05-09T20:38:20Z</time>
        <extensions>
          <geotracker:meta c="0.94" s="0.84" />
        </extensions>
      </trkpt>
      <trkpt lat="7.32857" lon="3.88144167">
        <ele>207.4</ele>
        <time>2026-05-09T20:38:26Z</time>
        <extensions>
          <geotracker:meta c="1.15" s="0.84" />
        </extensions>
      </trkpt>
      <trkpt lat="7.32859333" lon="3.88148333">
        <ele>209</ele>
        <time>2026-05-09T20:38:33Z</time>
        <extensions>
          <geotracker:meta c="1.13" s="0.73" />
        </extensions>
      </trkpt>
      <trkpt lat="7.32860667" lon="3.88153667">
        <ele>210.8</ele>
        <time>2026-05-09T20:38:38Z</time>
        <extensions>
          <geotracker:meta c="1.59" s="0.74" />
        </extensions>
      </trkpt>
      <trkpt lat="7.32862833" lon="3.88157667">
        <ele>215.3</ele>
        <time>2026-05-09T20:38:47Z</time>
        <extensions>
          <geotracker:meta c="1.11" s="0.64" />
        </extensions>
      </trkpt>
      <trkpt lat="7.32863333" lon="3.88164667">
        <ele>218.3</ele>
        <time>2026-05-09T20:39:25Z</time>
        <extensions>
          <geotracker:meta c="2.25" s="0.31" />
        </extensions>
      </trkpt>
      <trkpt lat="7.32855167" lon="3.88169">
        <ele>215.7</ele>
        <time>2026-05-09T20:39:33Z</time>
        <extensions>
          <geotracker:meta c="2.48" s="0.69" />
        </extensions>
      </trkpt>
      <trkpt lat="7.32850667" lon="3.88170333">
        <ele>214.2</ele>
        <time>2026-05-09T20:39:39Z</time>
        <extensions>
          <geotracker:meta c="2.53" s="0.8" />
        </extensions>
      </trkpt>
      <trkpt lat="7.32846333" lon="3.88172333">
        <ele>213.2</ele>
        <time>2026-05-09T20:39:44Z</time>
        <extensions>
          <geotracker:meta c="2.53" s="0.88" />
        </extensions>
      </trkpt>
      <trkpt lat="7.32841667" lon="3.88174667">
        <ele>213.2</ele>
        <time>2026-05-09T20:39:50Z</time>
        <extensions>
          <geotracker:meta c="2.65" s="0.91" />
        </extensions>
      </trkpt>
      <trkpt lat="7.32837167" lon="3.88177">
        <ele>212.5</ele>
        <time>2026-05-09T20:39:56Z</time>
        <extensions>
          <geotracker:meta c="2.36" s="0.88" />
        </extensions>
      </trkpt>
      <trkpt lat="7.32833" lon="3.88179667">
        <ele>210.8</ele>
        <time>2026-05-09T20:40:02Z</time>
        <extensions>
          <geotracker:meta c="2.38" s="0.94" />
        </extensions>
      </trkpt>
      <trkpt lat="7.32829" lon="3.88181833">
        <ele>208.6</ele>
        <time>2026-05-09T20:40:09Z</time>
        <extensions>
          <geotracker:meta c="2.85" s="0.88" />
        </extensions>
      </trkpt>
      <trkpt lat="7.32824667" lon="3.88180167">
        <ele>207.7</ele>
        <time>2026-05-09T20:40:18Z</time>
        <extensions>
          <geotracker:meta c="3.27" s="0.64" />
        </extensions>
      </trkpt>
      <trkpt lat="7.32819167" lon="3.8818">
        <ele>206.3</ele>
        <time>2026-05-09T20:40:24Z</time>
        <extensions>
          <geotracker:meta c="3.54" s="0.73" />
        </extensions>
      </trkpt>
      <trkpt lat="7.32814833" lon="3.88177667">
        <ele>206.7</ele>
        <time>2026-05-09T20:40:30Z</time>
        <extensions>
          <geotracker:meta c="4.21" s="0.79" />
        </extensions>
      </trkpt>
      <trkpt lat="7.32812167" lon="3.88174">
        <ele>208</ele>
        <time>2026-05-09T20:40:36Z</time>
        <extensions>
          <geotracker:meta c="3.94" s="0.75" />
        </extensions>
      </trkpt>
      <trkpt lat="7.32808333" lon="3.88171333">
        <ele>206.7</ele>
        <time>2026-05-09T20:40:45Z</time>
        <extensions>
          <geotracker:meta c="3.79" s="0.52" />
        </extensions>
      </trkpt>
      <trkpt lat="7.328045" lon="3.88168333">
        <ele>203.9</ele>
        <time>2026-05-09T20:41:01Z</time>
        <extensions>
          <geotracker:meta c="3.5" s="0.39" />
        </extensions>
      </trkpt>
      <trkpt lat="7.328" lon="3.88169333">
        <ele>205.3</ele>
        <time>2026-05-09T20:41:15Z</time>
        <extensions>
          <geotracker:meta c="2.85" s="0.38" />
        </extensions>
      </trkpt>
      <trkpt lat="7.32794667" lon="3.881715">
        <ele>206.8</ele>
        <time>2026-05-09T20:41:23Z</time>
        <extensions>
          <geotracker:meta c="2.64" s="0.69" />
        </extensions>
      </trkpt>
      <trkpt lat="7.3279" lon="3.88173833">
        <ele>208.2</ele>
        <time>2026-05-09T20:41:31Z</time>
        <extensions>
          <geotracker:meta c="2.92" s="0.68" />
        </extensions>
      </trkpt>
      <trkpt lat="7.32787" lon="3.88170333">
        <ele>207.4</ele>
        <time>2026-05-09T20:41:51Z</time>
        <extensions>
          <geotracker:meta c="4.49" s="0.32" />
        </extensions>
      </trkpt>
    </trkseg>
    <trkseg>
      <trkpt lat="7.32476667" lon="3.88218333">
        <ele>187.6</ele>
        <time>2026-05-09T20:48:31Z</time>
        <extensions>
          <geotracker:meta c="2.67" s="0.56" />
        </extensions>
      </trkpt>
      <trkpt lat="7.32472" lon="3.88220333">
        <ele>187.8</ele>
        <time>2026-05-09T20:48:36Z</time>
        <extensions>
          <geotracker:meta c="2.92" s="1.01" />
        </extensions>
      </trkpt>
      <trkpt lat="7.32467333" lon="3.88221833">
        <ele>188.2</ele>
        <time>2026-05-09T20:48:42Z</time>
        <extensions>
          <geotracker:meta c="2.78" s="0.8" />
        </extensions>
      </trkpt>
      <trkpt lat="7.32463167" lon="3.88224">
        <ele>187.5</ele>
        <time>2026-05-09T20:48:47Z</time>
        <extensions>
          <geotracker:meta c="2.83" s="0.88" />
        </extensions>
      </trkpt>
      <trkpt lat="7.32458167" lon="3.882245">
        <ele>189.9</ele>
        <time>2026-05-09T20:48:53Z</time>
        <extensions>
          <geotracker:meta c="2.84" s="0.81" />
        </extensions>
      </trkpt>
      <trkpt lat="7.32453167" lon="3.88226333">
        <ele>191.6</ele>
        <time>2026-05-09T20:48:59Z</time>
        <extensions>
          <geotracker:meta c="2.6" s="0.87" />
        </extensions>
      </trkpt>
      <trkpt lat="7.32448333" lon="3.88227667">
        <ele>191.2</ele>
        <time>2026-05-09T20:49:04Z</time>
        <extensions>
          <geotracker:meta c="2.91" s="0.97" />
        </extensions>
      </trkpt>
      <trkpt lat="7.32444167" lon="3.88230667">
        <ele>189.9</ele>
        <time>2026-05-09T20:49:10Z</time>
        <extensions>
          <geotracker:meta c="2.53" s="1.01" />
        </extensions>
      </trkpt>
      <trkpt lat="7.32440167" lon="3.88233833">
        <ele>188.4</ele>
        <time>2026-05-09T20:49:16Z</time>
        <extensions>
          <geotracker:meta c="2.81" s="0.99" />
        </extensions>
      </trkpt>
      <trkpt lat="7.324355" lon="3.882355">
        <ele>188.1</ele>
        <time>2026-05-09T20:49:21Z</time>
        <extensions>
          <geotracker:meta c="2.77" s="1.01" />
        </extensions>
      </trkpt>
      <trkpt lat="7.32430667" lon="3.88236667">
        <ele>188.2</ele>
        <time>2026-05-09T20:49:27Z</time>
        <extensions>
          <geotracker:meta c="2.82" s="0.96" />
        </extensions>
      </trkpt>
      <trkpt lat="7.32425667" lon="3.88238167">
        <ele>188.1</ele>
        <time>2026-05-09T20:49:32Z</time>
        <extensions>
          <geotracker:meta c="2.85" s="0.91" />
        </extensions>
      </trkpt>
      <trkpt lat="7.32421333" lon="3.88239667">
        <ele>188.7</ele>
        <time>2026-05-09T20:49:37Z</time>
        <extensions>
          <geotracker:meta c="2.68" s="0.99" />
        </extensions>
      </trkpt>
      <trkpt lat="7.324165" lon="3.882405">
        <ele>187.3</ele>
        <time>2026-05-09T20:49:43Z</time>
        <extensions>
          <geotracker:meta c="3.54" s="0.95" />
        </extensions>
      </trkpt>
      <trkpt lat="7.32412333" lon="3.882375">
        <ele>187.3</ele>
        <time>2026-05-09T20:49:49Z</time>
        <extensions>
          <geotracker:meta c="4.09" s="0.93" />
        </extensions>
      </trkpt>
      <trkpt lat="7.32409167" lon="3.88233333">
        <ele>187.1</ele>
        <time>2026-05-09T20:49:55Z</time>
        <extensions>
          <geotracker:meta c="4.17" s="0.96" />
        </extensions>
      </trkpt>
      <trkpt lat="7.324055" lon="3.88229833">
        <ele>187.4</ele>
        <time>2026-05-09T20:50:01Z</time>
        <extensions>
          <geotracker:meta c="3.94" s="0.91" />
        </extensions>
      </trkpt>
      <trkpt lat="7.32400833" lon="3.88227">
        <ele>188.1</ele>
        <time>2026-05-09T20:50:07Z</time>
        <extensions>
          <geotracker:meta c="3.44" s="0.94" />
        </extensions>
      </trkpt>
      <trkpt lat="7.32397" lon="3.882235">
        <ele>187.4</ele>
        <time>2026-05-09T20:50:12Z</time>
        <extensions>
          <geotracker:meta c="4.08" s="0.9" />
        </extensions>
      </trkpt>
      <trkpt lat="7.32395333" lon="3.88219167">
        <ele>185.6</ele>
        <time>2026-05-09T20:50:19Z</time>
        <extensions>
          <geotracker:meta c="4.21" s="0.78" />
        </extensions>
      </trkpt>
      <trkpt lat="7.32393667" lon="3.88214333">
        <ele>187</ele>
        <time>2026-05-09T20:50:24Z</time>
        <extensions>
          <geotracker:meta c="4.31" s="1" />
        </extensions>
      </trkpt>
      <trkpt lat="7.32389167" lon="3.88211667">
        <ele>188.5</ele>
        <time>2026-05-09T20:50:33Z</time>
        <extensions>
          <geotracker:meta c="4.04" s="0.69" />
        </extensions>
      </trkpt>
      <trkpt lat="7.32387" lon="3.88207167">
        <ele>189.2</ele>
        <time>2026-05-09T20:50:39Z</time>
        <extensions>
          <geotracker:meta c="4.47" s="0.84" />
        </extensions>
      </trkpt>
      <trkpt lat="7.323865" lon="3.88202333">
        <ele>188.4</ele>
        <time>2026-05-09T20:50:43Z</time>
        <extensions>
          <geotracker:meta c="4.38" s="0.97" />
        </extensions>
      </trkpt>
      <trkpt lat="7.32384167" lon="3.88198167">
        <ele>187</ele>
        <time>2026-05-09T20:50:48Z</time>
        <extensions>
          <geotracker:meta c="4.13" s="1.09" />
        </extensions>
      </trkpt>
      <trkpt lat="7.32383167" lon="3.88193667">
        <ele>186.5</ele>
        <time>2026-05-09T20:50:53Z</time>
        <extensions>
          <geotracker:meta c="4.47" s="1.04" />
        </extensions>
      </trkpt>
      <trkpt lat="7.32382333" lon="3.88188">
        <ele>185.6</ele>
        <time>2026-05-09T20:50:59Z</time>
        <extensions>
          <geotracker:meta c="4.77" s="0.98" />
        </extensions>
      </trkpt>
      <trkpt lat="7.32380833" lon="3.88183167">
        <ele>184.7</ele>
        <time>2026-05-09T20:51:05Z</time>
        <extensions>
          <geotracker:meta c="4.5" s="0.94" />
        </extensions>
      </trkpt>
      <trkpt lat="7.323795" lon="3.88178667">
        <ele>183.7</ele>
        <time>2026-05-09T20:51:11Z</time>
        <extensions>
          <geotracker:meta c="4.18" s="0.93" />
        </extensions>
      </trkpt>
      <trkpt lat="7.32378" lon="3.881735">
        <ele>185</ele>
        <time>2026-05-09T20:51:16Z</time>
        <extensions>
          <geotracker:meta c="4.44" s="0.94" />
        </extensions>
      </trkpt>
      <trkpt lat="7.32375167" lon="3.88169333">
        <ele>185.1</ele>
        <time>2026-05-09T20:51:21Z</time>
        <extensions>
          <geotracker:meta c="3.83" s="1.13" />
        </extensions>
      </trkpt>
      <trkpt lat="7.323725" lon="3.88164833">
        <ele>184.1</ele>
        <time>2026-05-09T20:51:27Z</time>
        <extensions>
          <geotracker:meta c="4.35" s="1.26" />
        </extensions>
      </trkpt>
      <trkpt lat="7.32371667" lon="3.88160333">
        <ele>182.6</ele>
        <time>2026-05-09T20:51:31Z</time>
        <extensions>
          <geotracker:meta c="4.68" s="1.14" />
        </extensions>
      </trkpt>
      <trkpt lat="7.32369667" lon="3.88155833">
        <ele>180</ele>
        <time>2026-05-09T20:51:36Z</time>
        <extensions>
          <geotracker:meta c="4.57" s="1.03" />
        </extensions>
      </trkpt>
      <trkpt lat="7.32368167" lon="3.88151167">
        <ele>178.5</ele>
        <time>2026-05-09T20:51:41Z</time>
        <extensions>
          <geotracker:meta c="4.5" s="1" />
        </extensions>
      </trkpt>
      <trkpt lat="7.323675" lon="3.881465">
        <ele>178.5</ele>
        <time>2026-05-09T20:51:45Z</time>
        <extensions>
          <geotracker:meta c="4.29" s="1.06" />
        </extensions>
      </trkpt>
      <trkpt lat="7.323665" lon="3.88142">
        <ele>181</ele>
        <time>2026-05-09T20:51:51Z</time>
        <extensions>
          <geotracker:meta c="4.59" s="0.99" />
        </extensions>
      </trkpt>
      <trkpt lat="7.323655" lon="3.88137167">
        <ele>181.6</ele>
        <time>2026-05-09T20:51:56Z</time>
        <extensions>
          <geotracker:meta c="4.39" s="0.94" />
        </extensions>
      </trkpt>
      <trkpt lat="7.323645" lon="3.88132333">
        <ele>182.8</ele>
        <time>2026-05-09T20:52:01Z</time>
        <extensions>
          <geotracker:meta c="4.26" s="1.05" />
        </extensions>
      </trkpt>
      <trkpt lat="7.32364" lon="3.88127">
        <ele>184.6</ele>
        <time>2026-05-09T20:52:07Z</time>
        <extensions>
          <geotracker:meta c="4.49" s="1" />
        </extensions>
      </trkpt>
      <trkpt lat="7.32363667" lon="3.881215">
        <ele>187.7</ele>
        <time>2026-05-09T20:52:13Z</time>
        <extensions>
          <geotracker:meta c="4.32" s="0.95" />
        </extensions>
      </trkpt>
      <trkpt lat="7.32361833" lon="3.88116833">
        <ele>189.3</ele>
        <time>2026-05-09T20:52:18Z</time>
        <extensions>
          <geotracker:meta c="4.46" s="1.03" />
        </extensions>
      </trkpt>
      <trkpt lat="7.32361" lon="3.88112333">
        <ele>186.8</ele>
        <time>2026-05-09T20:52:22Z</time>
        <extensions>
          <geotracker:meta c="4.67" s="1.1" />
        </extensions>
      </trkpt>
      <trkpt lat="7.32360333" lon="3.88107833">
        <ele>184.2</ele>
        <time>2026-05-09T20:52:29Z</time>
        <extensions>
          <geotracker:meta c="4.68" s="0.84" />
        </extensions>
      </trkpt>
      <trkpt lat="7.32359833" lon="3.881025">
        <ele>183.3</ele>
        <time>2026-05-09T20:52:36Z</time>
        <extensions>
          <geotracker:meta c="4.44" s="0.55" />
        </extensions>
      </trkpt>
      <trkpt lat="7.32358333" lon="3.88097833">
        <ele>182.8</ele>
        <time>2026-05-09T20:52:41Z</time>
        <extensions>
          <geotracker:meta c="4.41" s="0.86" />
        </extensions>
      </trkpt>
      <trkpt lat="7.32356" lon="3.88093167">
        <ele>182.6</ele>
        <time>2026-05-09T20:52:47Z</time>
        <extensions>
          <geotracker:meta c="4.36" s="1" />
        </extensions>
      </trkpt>
      <trkpt lat="7.32354333" lon="3.88088833">
        <ele>182.7</ele>
        <time>2026-05-09T20:52:52Z</time>
        <extensions>
          <geotracker:meta c="4.26" s="1" />
        </extensions>
      </trkpt>
      <trkpt lat="7.32353" lon="3.880835">
        <ele>182.1</ele>
        <time>2026-05-09T20:52:57Z</time>
        <extensions>
          <geotracker:meta c="4.38" s="1.01" />
        </extensions>
      </trkpt>
      <trkpt lat="7.32352" lon="3.88079">
        <ele>182.1</ele>
        <time>2026-05-09T20:53:02Z</time>
        <extensions>
          <geotracker:meta c="4.33" s="1.06" />
        </extensions>
      </trkpt>
      <trkpt lat="7.323495" lon="3.880745">
        <ele>181.2</ele>
        <time>2026-05-09T20:53:07Z</time>
        <extensions>
          <geotracker:meta c="4.29" s="1.07" />
        </extensions>
      </trkpt>
      <trkpt lat="7.32348167" lon="3.88070167">
        <ele>180.7</ele>
        <time>2026-05-09T20:53:11Z</time>
        <extensions>
          <geotracker:meta c="4.51" s="1.1" />
        </extensions>
      </trkpt>
      <trkpt lat="7.32346167" lon="3.880655">
        <ele>181</ele>
        <time>2026-05-09T20:53:16Z</time>
        <extensions>
          <geotracker:meta c="4.45" s="1.1" />
        </extensions>
      </trkpt>
      <trkpt lat="7.32344833" lon="3.88060833">
        <ele>181.3</ele>
        <time>2026-05-09T20:53:21Z</time>
        <extensions>
          <geotracker:meta c="4.56" s="1.06" />
        </extensions>
      </trkpt>
      <trkpt lat="7.32343" lon="3.88056333">
        <ele>181.3</ele>
        <time>2026-05-09T20:53:26Z</time>
        <extensions>
          <geotracker:meta c="4.36" s="1" />
        </extensions>
      </trkpt>
      <trkpt lat="7.32341333" lon="3.880515">
        <ele>181.1</ele>
        <time>2026-05-09T20:53:31Z</time>
        <extensions>
          <geotracker:meta c="4.41" s="0.99" />
        </extensions>
      </trkpt>
      <trkpt lat="7.32339833" lon="3.88046167">
        <ele>180</ele>
        <time>2026-05-09T20:53:37Z</time>
        <extensions>
          <geotracker:meta c="4.27" s="1.06" />
        </extensions>
      </trkpt>
      <trkpt lat="7.32338167" lon="3.88041167">
        <ele>178.4</ele>
        <time>2026-05-09T20:53:42Z</time>
        <extensions>
          <geotracker:meta c="4.35" s="1.08" />
        </extensions>
      </trkpt>
      <trkpt lat="7.32336" lon="3.88036667">
        <ele>178.1</ele>
        <time>2026-05-09T20:53:48Z</time>
        <extensions>
          <geotracker:meta c="4.21" s="0.97" />
        </extensions>
      </trkpt>
      <trkpt lat="7.32333667" lon="3.88032667">
        <ele>182</ele>
        <time>2026-05-09T20:53:57Z</time>
        <extensions>
          <geotracker:meta c="4.03" s="0.78" />
        </extensions>
      </trkpt>
      <trkpt lat="7.32331" lon="3.88028833">
        <ele>182.7</ele>
        <time>2026-05-09T20:54:02Z</time>
        <extensions>
          <geotracker:meta c="4.1" s="0.92" />
        </extensions>
      </trkpt>
      <trkpt lat="7.32326167" lon="3.88029333">
        <ele>183</ele>
        <time>2026-05-09T20:54:20Z</time>
        <extensions>
          <geotracker:meta c="3.07" s="0.24" />
        </extensions>
      </trkpt>
      <trkpt lat="7.323215" lon="3.88028667">
        <ele>181.4</ele>
        <time>2026-05-09T20:54:26Z</time>
        <extensions>
          <geotracker:meta c="3.28" s="0.72" />
        </extensions>
      </trkpt>
      <trkpt lat="7.32317" lon="3.88029667">
        <ele>181.4</ele>
        <time>2026-05-09T20:54:30Z</time>
        <extensions>
          <geotracker:meta c="3.24" s="1.03" />
        </extensions>
      </trkpt>
      <trkpt lat="7.32312333" lon="3.88030333">
        <ele>181.5</ele>
        <time>2026-05-09T20:54:34Z</time>
        <extensions>
          <geotracker:meta c="2.92" s="1.1" />
        </extensions>
      </trkpt>
      <trkpt lat="7.323075" lon="3.88031167">
        <ele>182.4</ele>
        <time>2026-05-09T20:54:39Z</time>
        <extensions>
          <geotracker:meta c="2.79" s="1.11" />
        </extensions>
      </trkpt>
      <trkpt lat="7.32303" lon="3.88033">
        <ele>182.7</ele>
        <time>2026-05-09T20:54:44Z</time>
        <extensions>
          <geotracker:meta c="2.87" s="1.08" />
        </extensions>
      </trkpt>
      <trkpt lat="7.32298" lon="3.88033">
        <ele>182.8</ele>
        <time>2026-05-09T20:54:49Z</time>
        <extensions>
          <geotracker:meta c="3.25" s="1.06" />
        </extensions>
      </trkpt>
      <trkpt lat="7.32293167" lon="3.88033">
        <ele>182</ele>
        <time>2026-05-09T20:54:54Z</time>
        <extensions>
          <geotracker:meta c="3.02" s="1.05" />
        </extensions>
      </trkpt>
      <trkpt lat="7.322885" lon="3.88033">
        <ele>182.8</ele>
        <time>2026-05-09T20:54:58Z</time>
        <extensions>
          <geotracker:meta c="2.98" s="1.06" />
        </extensions>
      </trkpt>
      <trkpt lat="7.32282833" lon="3.88032667">
        <ele>182.3</ele>
        <time>2026-05-09T20:55:03Z</time>
        <extensions>
          <geotracker:meta c="3.04" s="1.07" />
        </extensions>
      </trkpt>
      <trkpt lat="7.32278167" lon="3.88033667">
        <ele>181.4</ele>
        <time>2026-05-09T20:55:07Z</time>
        <extensions>
          <geotracker:meta c="3.03" s="1.09" />
        </extensions>
      </trkpt>
      <trkpt lat="7.32273667" lon="3.88034333">
        <ele>180</ele>
        <time>2026-05-09T20:55:12Z</time>
        <extensions>
          <geotracker:meta c="3.05" s="1.09" />
        </extensions>
      </trkpt>
      <trkpt lat="7.32268667" lon="3.88035667">
        <ele>180.3</ele>
        <time>2026-05-09T20:55:17Z</time>
        <extensions>
          <geotracker:meta c="3.1" s="1.09" />
        </extensions>
      </trkpt>
      <trkpt lat="7.322635" lon="3.88037167">
        <ele>181</ele>
        <time>2026-05-09T20:55:22Z</time>
        <extensions>
          <geotracker:meta c="2.93" s="1.09" />
        </extensions>
      </trkpt>
      <trkpt lat="7.32258" lon="3.880385">
        <ele>180.7</ele>
        <time>2026-05-09T20:55:27Z</time>
        <extensions>
          <geotracker:meta c="2.75" s="1.02" />
        </extensions>
      </trkpt>
      <trkpt lat="7.32253" lon="3.88040167">
        <ele>180.4</ele>
        <time>2026-05-09T20:55:32Z</time>
        <extensions>
          <geotracker:meta c="2.92" s="1.13" />
        </extensions>
      </trkpt>
      <trkpt lat="7.322485" lon="3.88041833">
        <ele>180.8</ele>
        <time>2026-05-09T20:55:37Z</time>
        <extensions>
          <geotracker:meta c="2.97" s="1.24" />
        </extensions>
      </trkpt>
      <trkpt lat="7.32243833" lon="3.88041333">
        <ele>180.4</ele>
        <time>2026-05-09T20:55:42Z</time>
        <extensions>
          <geotracker:meta c="3.17" s="1.13" />
        </extensions>
      </trkpt>
      <trkpt lat="7.32239" lon="3.88042167">
        <ele>180.5</ele>
        <time>2026-05-09T20:55:47Z</time>
        <extensions>
          <geotracker:meta c="2.94" s="1.03" />
        </extensions>
      </trkpt>
      <trkpt lat="7.322345" lon="3.88043667">
        <ele>180.3</ele>
        <time>2026-05-09T20:55:52Z</time>
        <extensions>
          <geotracker:meta c="2.41" s="1.02" />
        </extensions>
      </trkpt>
      <trkpt lat="7.322295" lon="3.88045333">
        <ele>181.4</ele>
        <time>2026-05-09T20:55:58Z</time>
        <extensions>
          <geotracker:meta c="2.68" s="0.92" />
        </extensions>
      </trkpt>
      <trkpt lat="7.32224333" lon="3.880455">
        <ele>180.5</ele>
        <time>2026-05-09T20:56:04Z</time>
        <extensions>
          <geotracker:meta c="2.84" s="0.93" />
        </extensions>
      </trkpt>
      <trkpt lat="7.32219167" lon="3.88045333">
        <ele>179.3</ele>
        <time>2026-05-09T20:56:10Z</time>
        <extensions>
          <geotracker:meta c="2.88" s="0.96" />
        </extensions>
      </trkpt>
      <trkpt lat="7.322145" lon="3.88046667">
        <ele>179</ele>
        <time>2026-05-09T20:56:15Z</time>
        <extensions>
          <geotracker:meta c="2.7" s="0.94" />
        </extensions>
      </trkpt>
      <trkpt lat="7.32219833" lon="3.88045833">
        <ele>183.6</ele>
        <time>2026-05-09T20:56:31Z</time>
        <extensions>
          <geotracker:meta c="6.18" s="0.65" />
        </extensions>
      </trkpt>
      <trkpt lat="7.32226167" lon="3.88043">
        <ele>181.7</ele>
        <time>2026-05-09T20:56:37Z</time>
        <extensions>
          <geotracker:meta c="5.66" s="1.05" />
        </extensions>
      </trkpt>
      <trkpt lat="7.32230833" lon="3.88041333">
        <ele>181</ele>
        <time>2026-05-09T20:56:42Z</time>
        <extensions>
          <geotracker:meta c="6.06" s="1.04" />
        </extensions>
      </trkpt>
      <trkpt lat="7.32235833" lon="3.88040667">
        <ele>181.6</ele>
        <time>2026-05-09T20:56:47Z</time>
        <extensions>
          <geotracker:meta c="6.05" s="1.13" />
        </extensions>
      </trkpt>
      <trkpt lat="7.322405" lon="3.88039167">
        <ele>183.4</ele>
        <time>2026-05-09T20:56:52Z</time>
        <extensions>
          <geotracker:meta c="5.83" s="1.18" />
        </extensions>
      </trkpt>
      <trkpt lat="7.322455" lon="3.88038">
        <ele>184.4</ele>
        <time>2026-05-09T20:56:58Z</time>
        <extensions>
          <geotracker:meta c="0.01" s="1.12" />
        </extensions>
      </trkpt>
      <trkpt lat="7.32250167" lon="3.880375">
        <ele>183</ele>
        <time>2026-05-09T20:57:01Z</time>
        <extensions>
          <geotracker:meta c="5.73" s="1.18" />
        </extensions>
      </trkpt>
      <trkpt lat="7.32255333" lon="3.88036833">
        <ele>181.5</ele>
        <time>2026-05-09T20:57:05Z</time>
        <extensions>
          <geotracker:meta c="5.98" s="1.16" />
        </extensions>
      </trkpt>
      <trkpt lat="7.32260333" lon="3.88036167">
        <ele>179.3</ele>
        <time>2026-05-09T20:57:11Z</time>
        <extensions>
          <geotracker:meta c="6.12" s="0.99" />
        </extensions>
      </trkpt>
      <trkpt lat="7.32264833" lon="3.88034333">
        <ele>178.7</ele>
        <time>2026-05-09T20:57:17Z</time>
        <extensions>
          <geotracker:meta c="6.07" s="0.85" />
        </extensions>
      </trkpt>
      <trkpt lat="7.32269833" lon="3.880335">
        <ele>179.4</ele>
        <time>2026-05-09T20:57:23Z</time>
        <extensions>
          <geotracker:meta c="6.07" s="0.75" />
        </extensions>
      </trkpt>
      <trkpt lat="7.32274667" lon="3.880325">
        <ele>180.8</ele>
        <time>2026-05-09T20:57:28Z</time>
        <extensions>
          <geotracker:meta c="6.02" s="0.78" />
        </extensions>
      </trkpt>
      <trkpt lat="7.322765" lon="3.88037167">
        <ele>182.2</ele>
        <time>2026-05-09T20:57:44Z</time>
        <extensions>
          <geotracker:meta c="1.21" s="0.41" />
        </extensions>
      </trkpt>
      <trkpt lat="7.32278167" lon="3.880415">
        <ele>181.6</ele>
        <time>2026-05-09T20:57:49Z</time>
        <extensions>
          <geotracker:meta c="1.58" s="0.78" />
        </extensions>
      </trkpt>
      <trkpt lat="7.32280167" lon="3.88045667">
        <ele>179.9</ele>
        <time>2026-05-09T20:57:55Z</time>
        <extensions>
          <geotracker:meta c="1.04" s="0.89" />
        </extensions>
      </trkpt>
      <trkpt lat="7.32282333" lon="3.88049833">
        <ele>181.1</ele>
        <time>2026-05-09T20:58:00Z</time>
        <extensions>
          <geotracker:meta c="1.23" s="0.95" />
        </extensions>
      </trkpt>
      <trkpt lat="7.32283833" lon="3.88054833">
        <ele>182.9</ele>
        <time>2026-05-09T20:58:05Z</time>
        <extensions>
          <geotracker:meta c="1.25" s="1" />
        </extensions>
      </trkpt>
      <trkpt lat="7.32285167" lon="3.88059333">
        <ele>183.3</ele>
        <time>2026-05-09T20:58:10Z</time>
        <extensions>
          <geotracker:meta c="1.1" s="1.04" />
        </extensions>
      </trkpt>
      <trkpt lat="7.32286" lon="3.88063833">
        <ele>183.1</ele>
        <time>2026-05-09T20:58:14Z</time>
        <extensions>
          <geotracker:meta c="1.33" s="1" />
        </extensions>
      </trkpt>
      <trkpt lat="7.32287167" lon="3.88068333">
        <ele>182</ele>
        <time>2026-05-09T20:58:18Z</time>
        <extensions>
          <geotracker:meta c="1.26" s="1" />
        </extensions>
      </trkpt>
      <trkpt lat="7.32289" lon="3.88073">
        <ele>180.9</ele>
        <time>2026-05-09T20:58:23Z</time>
        <extensions>
          <geotracker:meta c="1.17" s="0.99" />
        </extensions>
      </trkpt>
      <trkpt lat="7.32289833" lon="3.88077833">
        <ele>179.9</ele>
        <time>2026-05-09T20:58:28Z</time>
        <extensions>
          <geotracker:meta c="1.15" s="0.96" />
        </extensions>
      </trkpt>
      <trkpt lat="7.32291167" lon="3.88082333">
        <ele>179</ele>
        <time>2026-05-09T20:58:34Z</time>
        <extensions>
          <geotracker:meta c="1.37" s="0.87" />
        </extensions>
      </trkpt>
      <trkpt lat="7.322935" lon="3.88086333">
        <ele>179.2</ele>
        <time>2026-05-09T20:58:39Z</time>
        <extensions>
          <geotracker:meta c="1.14" s="0.76" />
        </extensions>
      </trkpt>
      <trkpt lat="7.322955" lon="3.88090833">
        <ele>180.4</ele>
        <time>2026-05-09T20:58:44Z</time>
        <extensions>
          <geotracker:meta c="1.28" s="0.82" />
        </extensions>
      </trkpt>
      <trkpt lat="7.322975" lon="3.880955">
        <ele>181.5</ele>
        <time>2026-05-09T20:58:53Z</time>
        <extensions>
          <geotracker:meta c="1.32" s="0.76" />
        </extensions>
      </trkpt>
      <trkpt lat="7.32298833" lon="3.88100333">
        <ele>181.4</ele>
        <time>2026-05-09T20:58:57Z</time>
        <extensions>
          <geotracker:meta c="1.31" s="0.92" />
        </extensions>
      </trkpt>
      <trkpt lat="7.323" lon="3.88105833">
        <ele>181.7</ele>
        <time>2026-05-09T20:59:02Z</time>
        <extensions>
          <geotracker:meta c="1.34" s="1.29" />
        </extensions>
      </trkpt>
      <trkpt lat="7.32300333" lon="3.88110833">
        <ele>183.4</ele>
        <time>2026-05-09T20:59:06Z</time>
        <extensions>
          <geotracker:meta c="1.49" s="1.33" />
        </extensions>
      </trkpt>
      <trkpt lat="7.32302333" lon="3.88115167">
        <ele>184.4</ele>
        <time>2026-05-09T20:59:10Z</time>
        <extensions>
          <geotracker:meta c="1.17" s="1.32" />
        </extensions>
      </trkpt>
      <trkpt lat="7.32303833" lon="3.881195">
        <ele>185.4</ele>
        <time>2026-05-09T20:59:14Z</time>
        <extensions>
          <geotracker:meta c="1.09" s="1.24" />
        </extensions>
      </trkpt>
      <trkpt lat="7.323085" lon="3.88121833">
        <ele>186.3</ele>
        <time>2026-05-09T20:59:19Z</time>
        <extensions>
          <geotracker:meta c="0.83" s="1.04" />
        </extensions>
      </trkpt>
      <trkpt lat="7.32312667" lon="3.88123667">
        <ele>186.8</ele>
        <time>2026-05-09T20:59:29Z</time>
        <extensions>
          <geotracker:meta c="5.88" s="0.4" />
        </extensions>
      </trkpt>
      <trkpt lat="7.323165" lon="3.88127667">
        <ele>188.6</ele>
        <time>2026-05-09T20:59:34Z</time>
        <extensions>
          <geotracker:meta c="0.34" s="0.54" />
        </extensions>
      </trkpt>
      <trkpt lat="7.32321" lon="3.88130667">
        <ele>188.9</ele>
        <time>2026-05-09T20:59:39Z</time>
        <extensions>
          <geotracker:meta c="0.39" s="0.75" />
        </extensions>
      </trkpt>
      <trkpt lat="7.32324833" lon="3.88133833">
        <ele>188.3</ele>
        <time>2026-05-09T20:59:44Z</time>
        <extensions>
          <geotracker:meta c="1.57" s="0.86" />
        </extensions>
      </trkpt>
      <trkpt lat="7.32326667" lon="3.88138333">
        <ele>188.8</ele>
        <time>2026-05-09T20:59:49Z</time>
        <extensions>
          <geotracker:meta c="0.78" s="0.96" />
        </extensions>
      </trkpt>
      <trkpt lat="7.32326" lon="3.88143">
        <ele>190.6</ele>
        <time>2026-05-09T20:59:55Z</time>
        <extensions>
          <geotracker:meta c="1.77" s="0.97" />
        </extensions>
      </trkpt>
      <trkpt lat="7.32326167" lon="3.881485">
        <ele>190.1</ele>
        <time>2026-05-09T21:00:00Z</time>
        <extensions>
          <geotracker:meta c="1.43" s="1.07" />
        </extensions>
      </trkpt>
      <trkpt lat="7.32329" lon="3.88153">
        <ele>190.1</ele>
        <time>2026-05-09T21:00:05Z</time>
        <extensions>
          <geotracker:meta c="1.07" s="0.96" />
        </extensions>
      </trkpt>
      <trkpt lat="7.32330833" lon="3.88157667">
        <ele>190.3</ele>
        <time>2026-05-09T21:00:09Z</time>
        <extensions>
          <geotracker:meta c="0.84" s="0.9" />
        </extensions>
      </trkpt>
      <trkpt lat="7.32336" lon="3.88158667">
        <ele>191.4</ele>
        <time>2026-05-09T21:00:14Z</time>
        <extensions>
          <geotracker:meta c="0.1" s="0.69" />
        </extensions>
      </trkpt>
      <trkpt lat="7.32339333" lon="3.88162167">
        <ele>192.4</ele>
        <time>2026-05-09T21:00:18Z</time>
        <extensions>
          <geotracker:meta c="1.04" s="0.63" />
        </extensions>
      </trkpt>
      <trkpt lat="7.32341667" lon="3.88168">
        <ele>193.5</ele>
        <time>2026-05-09T21:00:23Z</time>
        <extensions>
          <geotracker:meta c="1.13" s="0.73" />
        </extensions>
      </trkpt>
      <trkpt lat="7.32342833" lon="3.88172833">
        <ele>194.4</ele>
        <time>2026-05-09T21:00:26Z</time>
        <extensions>
          <geotracker:meta c="1.23" s="0.88" />
        </extensions>
      </trkpt>
      <trkpt lat="7.323435" lon="3.88177833">
        <ele>194</ele>
        <time>2026-05-09T21:00:31Z</time>
        <extensions>
          <geotracker:meta c="1.43" s="0.88" />
        </extensions>
      </trkpt>
      <trkpt lat="7.32346667" lon="3.88181667">
        <ele>193.5</ele>
        <time>2026-05-09T21:00:36Z</time>
        <extensions>
          <geotracker:meta c="0.84" s="0.93" />
        </extensions>
      </trkpt>
      <trkpt lat="7.323515" lon="3.88181833">
        <ele>194.4</ele>
        <time>2026-05-09T21:00:41Z</time>
        <extensions>
          <geotracker:meta c="0" s="0.89" />
        </extensions>
      </trkpt>
      <trkpt lat="7.32356667" lon="3.881815">
        <ele>194.9</ele>
        <time>2026-05-09T21:00:45Z</time>
        <extensions>
          <geotracker:meta c="0.03" s="0.76" />
        </extensions>
      </trkpt>
      <trkpt lat="7.32361833" lon="3.88181167">
        <ele>195</ele>
        <time>2026-05-09T21:00:49Z</time>
        <extensions>
          <geotracker:meta c="0.19" s="0.88" />
        </extensions>
      </trkpt>
    </trkseg>
    <trkseg>
      <trkpt lat="7.32369" lon="3.88136667">
        <ele>183.7</ele>
        <time>2026-05-09T21:05:23Z</time>
        <extensions>
          <geotracker:meta c="3.82" s="0" />
        </extensions>
      </trkpt>
      <trkpt lat="7.32367667" lon="3.88132167">
        <ele>186.6</ele>
        <time>2026-05-09T21:05:32Z</time>
        <extensions>
          <geotracker:meta c="4.4" s="0.52" />
        </extensions>
      </trkpt>
      <trkpt lat="7.32366333" lon="3.88127833">
        <ele>187.1</ele>
        <time>2026-05-09T21:05:37Z</time>
        <extensions>
          <geotracker:meta c="4.31" s="0.8" />
        </extensions>
      </trkpt>
      <trkpt lat="7.32367167" lon="3.88123167">
        <ele>187.5</ele>
        <time>2026-05-09T21:05:43Z</time>
        <extensions>
          <geotracker:meta c="4.43" s="0.82" />
        </extensions>
      </trkpt>
      <trkpt lat="7.323665" lon="3.881185">
        <ele>187.3</ele>
        <time>2026-05-09T21:05:51Z</time>
        <extensions>
          <geotracker:meta c="4.97" s="0.7" />
        </extensions>
      </trkpt>
      <trkpt lat="7.32367167" lon="3.88113333">
        <ele>187</ele>
        <time>2026-05-09T21:05:58Z</time>
        <extensions>
          <geotracker:meta c="4.45" s="0.76" />
        </extensions>
      </trkpt>
      <trkpt lat="7.32365333" lon="3.88108667">
        <ele>186.1</ele>
        <time>2026-05-09T21:06:06Z</time>
        <extensions>
          <geotracker:meta c="4.44" s="0.75" />
        </extensions>
      </trkpt>
      <trkpt lat="7.32361" lon="3.88106667">
        <ele>185.8</ele>
        <time>2026-05-09T21:06:14Z</time>
        <extensions>
          <geotracker:meta c="2.83" s="0.67" />
        </extensions>
      </trkpt>
      <trkpt lat="7.32356167" lon="3.88109167">
        <ele>185.8</ele>
        <time>2026-05-09T21:06:20Z</time>
        <extensions>
          <geotracker:meta c="2.61" s="0.67" />
        </extensions>
      </trkpt>
      <trkpt lat="7.32351333" lon="3.8811">
        <ele>185.5</ele>
        <time>2026-05-09T21:06:30Z</time>
        <extensions>
          <geotracker:meta c="2.89" s="0.57" />
        </extensions>
      </trkpt>
      <trkpt lat="7.32346667" lon="3.88111333">
        <ele>185.7</ele>
        <time>2026-05-09T21:06:34Z</time>
        <extensions>
          <geotracker:meta c="3.14" s="0.64" />
        </extensions>
      </trkpt>
      <trkpt lat="7.323415" lon="3.881115">
        <ele>185.2</ele>
        <time>2026-05-09T21:06:38Z</time>
        <extensions>
          <geotracker:meta c="2.85" s="0.87" />
        </extensions>
      </trkpt>
      <trkpt lat="7.323365" lon="3.88111833">
        <ele>185.6</ele>
        <time>2026-05-09T21:06:42Z</time>
        <extensions>
          <geotracker:meta c="2.75" s="1" />
        </extensions>
      </trkpt>
      <trkpt lat="7.323315" lon="3.88112167">
        <ele>186.9</ele>
        <time>2026-05-09T21:06:47Z</time>
        <extensions>
          <geotracker:meta c="2.92" s="0.99" />
        </extensions>
      </trkpt>
      <trkpt lat="7.323275" lon="3.88114333">
        <ele>188.3</ele>
        <time>2026-05-09T21:06:52Z</time>
        <extensions>
          <geotracker:meta c="2.9" s="0.96" />
        </extensions>
      </trkpt>
      <trkpt lat="7.32322833" lon="3.88116333">
        <ele>188.5</ele>
        <time>2026-05-09T21:06:57Z</time>
        <extensions>
          <geotracker:meta c="2.81" s="0.91" />
        </extensions>
      </trkpt>
      <trkpt lat="7.323175" lon="3.88117333">
        <ele>189</ele>
        <time>2026-05-09T21:07:03Z</time>
        <extensions>
          <geotracker:meta c="2.85" s="0.92" />
        </extensions>
      </trkpt>
      <trkpt lat="7.32312333" lon="3.88118833">
        <ele>188.5</ele>
        <time>2026-05-09T21:07:08Z</time>
        <extensions>
          <geotracker:meta c="3.23" s="0.97" />
        </extensions>
      </trkpt>
      <trkpt lat="7.32307333" lon="3.88121">
        <ele>189.1</ele>
        <time>2026-05-09T21:07:13Z</time>
        <extensions>
          <geotracker:meta c="2.84" s="1.04" />
        </extensions>
      </trkpt>
      <trkpt lat="7.323025" lon="3.88122833">
        <ele>189.1</ele>
        <time>2026-05-09T21:07:18Z</time>
        <extensions>
          <geotracker:meta c="3.06" s="1.06" />
        </extensions>
      </trkpt>
      <trkpt lat="7.32298667" lon="3.88125667">
        <ele>187.2</ele>
        <time>2026-05-09T21:07:25Z</time>
        <extensions>
          <geotracker:meta c="2.89" s="0.83" />
        </extensions>
      </trkpt>
      <trkpt lat="7.32294" lon="3.88126667">
        <ele>186.9</ele>
        <time>2026-05-09T21:07:31Z</time>
        <extensions>
          <geotracker:meta c="2.77" s="0.72" />
        </extensions>
      </trkpt>
      <trkpt lat="7.32288833" lon="3.88128833">
        <ele>186.6</ele>
        <time>2026-05-09T21:07:37Z</time>
        <extensions>
          <geotracker:meta c="2.69" s="0.8" />
        </extensions>
      </trkpt>
      <trkpt lat="7.32283833" lon="3.88131">
        <ele>186.3</ele>
        <time>2026-05-09T21:07:42Z</time>
        <extensions>
          <geotracker:meta c="2.97" s="0.93" />
        </extensions>
      </trkpt>
      <trkpt lat="7.32279167" lon="3.88132333">
        <ele>185.5</ele>
        <time>2026-05-09T21:07:47Z</time>
        <extensions>
          <geotracker:meta c="3" s="1.02" />
        </extensions>
      </trkpt>
      <trkpt lat="7.32273833" lon="3.88132667">
        <ele>183.9</ele>
        <time>2026-05-09T21:07:53Z</time>
        <extensions>
          <geotracker:meta c="2.85" s="0.95" />
        </extensions>
      </trkpt>
      <trkpt lat="7.32269" lon="3.88134333">
        <ele>183.4</ele>
        <time>2026-05-09T21:07:59Z</time>
        <extensions>
          <geotracker:meta c="2.8" s="0.84" />
        </extensions>
      </trkpt>
      <trkpt lat="7.32264833" lon="3.881375">
        <ele>183.2</ele>
        <time>2026-05-09T21:08:05Z</time>
        <extensions>
          <geotracker:meta c="2.68" s="0.81" />
        </extensions>
      </trkpt>
      <trkpt lat="7.32265667" lon="3.88143">
        <ele>181</ele>
        <time>2026-05-09T21:08:32Z</time>
        <extensions>
          <geotracker:meta c="1.23" s="0.62" />
        </extensions>
      </trkpt>
      <trkpt lat="7.322675" lon="3.881475">
        <ele>181.7</ele>
        <time>2026-05-09T21:08:36Z</time>
        <extensions>
          <geotracker:meta c="1.03" s="0.9" />
        </extensions>
      </trkpt>
      <trkpt lat="7.32269" lon="3.881535">
        <ele>181.4</ele>
        <time>2026-05-09T21:08:43Z</time>
        <extensions>
          <geotracker:meta c="1.35" s="0.93" />
        </extensions>
      </trkpt>
      <trkpt lat="7.32269333" lon="3.88158333">
        <ele>182.6</ele>
        <time>2026-05-09T21:08:47Z</time>
        <extensions>
          <geotracker:meta c="1.28" s="0.9" />
        </extensions>
      </trkpt>
      <trkpt lat="7.32269667" lon="3.88163167">
        <ele>182.3</ele>
        <time>2026-05-09T21:08:51Z</time>
        <extensions>
          <geotracker:meta c="1.31" s="0.93" />
        </extensions>
      </trkpt>
      <trkpt lat="7.32270167" lon="3.88168">
        <ele>182.6</ele>
        <time>2026-05-09T21:08:56Z</time>
        <extensions>
          <geotracker:meta c="1.54" s="0.9" />
        </extensions>
      </trkpt>
      <trkpt lat="7.32272833" lon="3.88172">
        <ele>182.8</ele>
        <time>2026-05-09T21:09:01Z</time>
        <extensions>
          <geotracker:meta c="1.13" s="0.93" />
        </extensions>
      </trkpt>
      <trkpt lat="7.322745" lon="3.88176833">
        <ele>183.7</ele>
        <time>2026-05-09T21:09:07Z</time>
        <extensions>
          <geotracker:meta c="1.95" s="0.89" />
        </extensions>
      </trkpt>
      <trkpt lat="7.32277667" lon="3.88180667">
        <ele>184.4</ele>
        <time>2026-05-09T21:09:12Z</time>
        <extensions>
          <geotracker:meta c="0.93" s="0.91" />
        </extensions>
      </trkpt>
      <trkpt lat="7.322785" lon="3.88185167">
        <ele>185.1</ele>
        <time>2026-05-09T21:09:16Z</time>
        <extensions>
          <geotracker:meta c="1.29" s="1" />
        </extensions>
      </trkpt>
      <trkpt lat="7.32280333" lon="3.881895">
        <ele>186.1</ele>
        <time>2026-05-09T21:09:21Z</time>
        <extensions>
          <geotracker:meta c="1.46" s="0.99" />
        </extensions>
      </trkpt>
      <trkpt lat="7.32281667" lon="3.88194333">
        <ele>187.7</ele>
        <time>2026-05-09T21:09:26Z</time>
        <extensions>
          <geotracker:meta c="1.12" s="0.98" />
        </extensions>
      </trkpt>
      <trkpt lat="7.32281167" lon="3.88199167">
        <ele>189.9</ele>
        <time>2026-05-09T21:09:31Z</time>
        <extensions>
          <geotracker:meta c="1.42" s="0.98" />
        </extensions>
      </trkpt>
      <trkpt lat="7.32282" lon="3.88204167">
        <ele>190.6</ele>
        <time>2026-05-09T21:09:35Z</time>
        <extensions>
          <geotracker:meta c="1.12" s="0.95" />
        </extensions>
      </trkpt>
      <trkpt lat="7.32286833" lon="3.882025">
        <ele>189</ele>
        <time>2026-05-09T21:09:44Z</time>
        <extensions>
          <geotracker:meta c="5.88" s="0.64" />
        </extensions>
      </trkpt>
    </trkseg>
    <trkseg>
      <trkpt lat="7.32380333" lon="3.88180333">
        <ele>190.1</ele>
        <time>2026-05-09T21:12:19Z</time>
        <extensions>
          <geotracker:meta c="1.21" s="0.34" />
        </extensions>
      </trkpt>
      <trkpt lat="7.323815" lon="3.88185167">
        <ele>190.7</ele>
        <time>2026-05-09T21:12:24Z</time>
        <extensions>
          <geotracker:meta c="1.35" s="0.7" />
        </extensions>
      </trkpt>
      <trkpt lat="7.32383667" lon="3.88189333">
        <ele>191.7</ele>
        <time>2026-05-09T21:12:29Z</time>
        <extensions>
          <geotracker:meta c="1.26" s="0.95" />
        </extensions>
      </trkpt>
      <trkpt lat="7.32385833" lon="3.88193833">
        <ele>191.6</ele>
        <time>2026-05-09T21:12:35Z</time>
        <extensions>
          <geotracker:meta c="1.13" s="0.92" />
        </extensions>
      </trkpt>
      <trkpt lat="7.32388667" lon="3.88198333">
        <ele>191.2</ele>
        <time>2026-05-09T21:12:40Z</time>
        <extensions>
          <geotracker:meta c="1.13" s="0.97" />
        </extensions>
      </trkpt>
      <trkpt lat="7.3239" lon="3.88202833">
        <ele>190.6</ele>
        <time>2026-05-09T21:12:45Z</time>
        <extensions>
          <geotracker:meta c="1.45" s="1.11" />
        </extensions>
      </trkpt>
      <trkpt lat="7.32392167" lon="3.88207333">
        <ele>190.4</ele>
        <time>2026-05-09T21:12:49Z</time>
        <extensions>
          <geotracker:meta c="1.28" s="1.16" />
        </extensions>
      </trkpt>
      <trkpt lat="7.32394667" lon="3.88211333">
        <ele>191.9</ele>
        <time>2026-05-09T21:12:54Z</time>
        <extensions>
          <geotracker:meta c="1.04" s="1.19" />
        </extensions>
      </trkpt>
      <trkpt lat="7.32396667" lon="3.88215667">
        <ele>190.9</ele>
        <time>2026-05-09T21:12:58Z</time>
        <extensions>
          <geotracker:meta c="1.3" s="1.16" />
        </extensions>
      </trkpt>
      <trkpt lat="7.323995" lon="3.882215">
        <ele>190.8</ele>
        <time>2026-05-09T21:13:04Z</time>
        <extensions>
          <geotracker:meta c="0.87" s="1.04" />
        </extensions>
      </trkpt>
      <trkpt lat="7.32401" lon="3.88226667">
        <ele>191.3</ele>
        <time>2026-05-09T21:13:10Z</time>
        <extensions>
          <geotracker:meta c="1.16" s="0.83" />
        </extensions>
      </trkpt>
      <trkpt lat="7.32402833" lon="3.88231">
        <ele>191.4</ele>
        <time>2026-05-09T21:13:14Z</time>
        <extensions>
          <geotracker:meta c="1.38" s="0.84" />
        </extensions>
      </trkpt>
      <trkpt lat="7.32405667" lon="3.882355">
        <ele>191.7</ele>
        <time>2026-05-09T21:13:19Z</time>
        <extensions>
          <geotracker:meta c="1.29" s="1" />
        </extensions>
      </trkpt>
      <trkpt lat="7.32408" lon="3.882395">
        <ele>192.5</ele>
        <time>2026-05-09T21:13:23Z</time>
        <extensions>
          <geotracker:meta c="1.18" s="1.09" />
        </extensions>
      </trkpt>
      <trkpt lat="7.32411" lon="3.88243833">
        <ele>194</ele>
        <time>2026-05-09T21:13:28Z</time>
        <extensions>
          <geotracker:meta c="0.78" s="1.05" />
        </extensions>
      </trkpt>
      <trkpt lat="7.324125" lon="3.88248333">
        <ele>194.4</ele>
        <time>2026-05-09T21:13:32Z</time>
        <extensions>
          <geotracker:meta c="1.07" s="1.12" />
        </extensions>
      </trkpt>
      <trkpt lat="7.32414333" lon="3.88253333">
        <ele>194.5</ele>
        <time>2026-05-09T21:13:37Z</time>
        <extensions>
          <geotracker:meta c="0.8" s="1.17" />
        </extensions>
      </trkpt>
      <trkpt lat="7.32417167" lon="3.88257167">
        <ele>195.3</ele>
        <time>2026-05-09T21:13:41Z</time>
        <extensions>
          <geotracker:meta c="1.16" s="1.13" />
        </extensions>
      </trkpt>
      <trkpt lat="7.32419833" lon="3.88261833">
        <ele>195.1</ele>
        <time>2026-05-09T21:13:45Z</time>
        <extensions>
          <geotracker:meta c="0.85" s="1.23" />
        </extensions>
      </trkpt>
      <trkpt lat="7.32421333" lon="3.882665">
        <ele>191.8</ele>
        <time>2026-05-09T21:13:50Z</time>
        <extensions>
          <geotracker:meta c="1.58" s="1.25" />
        </extensions>
      </trkpt>
      <trkpt lat="7.32425" lon="3.88270333">
        <ele>190.3</ele>
        <time>2026-05-09T21:13:54Z</time>
        <extensions>
          <geotracker:meta c="1.15" s="1.32" />
        </extensions>
      </trkpt>
      <trkpt lat="7.32427833" lon="3.88275">
        <ele>189.2</ele>
        <time>2026-05-09T21:13:59Z</time>
        <extensions>
          <geotracker:meta c="1.37" s="1.24" />
        </extensions>
      </trkpt>
      <trkpt lat="7.32430167" lon="3.88279167">
        <ele>188.8</ele>
        <time>2026-05-09T21:14:04Z</time>
        <extensions>
          <geotracker:meta c="1.1" s="1.18" />
        </extensions>
      </trkpt>
      <trkpt lat="7.32432333" lon="3.88284333">
        <ele>190</ele>
        <time>2026-05-09T21:14:09Z</time>
        <extensions>
          <geotracker:meta c="1.4" s="1.2" />
        </extensions>
      </trkpt>
      <trkpt lat="7.324345" lon="3.88288833">
        <ele>192.2</ele>
        <time>2026-05-09T21:14:13Z</time>
        <extensions>
          <geotracker:meta c="1.01" s="1.18" />
        </extensions>
      </trkpt>
      <trkpt lat="7.32438333" lon="3.88292667">
        <ele>194.1</ele>
        <time>2026-05-09T21:14:17Z</time>
        <extensions>
          <geotracker:meta c="1.12" s="1.21" />
        </extensions>
      </trkpt>
      <trkpt lat="7.3244" lon="3.882975">
        <ele>194.7</ele>
        <time>2026-05-09T21:14:21Z</time>
        <extensions>
          <geotracker:meta c="1.16" s="1.23" />
        </extensions>
      </trkpt>
      <trkpt lat="7.32442667" lon="3.88301167">
        <ele>194.8</ele>
        <time>2026-05-09T21:14:25Z</time>
        <extensions>
          <geotracker:meta c="1.08" s="1.23" />
        </extensions>
      </trkpt>
      <trkpt lat="7.32445833" lon="3.88305333">
        <ele>194.8</ele>
        <time>2026-05-09T21:14:29Z</time>
        <extensions>
          <geotracker:meta c="0.65" s="1.22" />
        </extensions>
      </trkpt>
      <trkpt lat="7.32448167" lon="3.8831">
        <ele>195.1</ele>
        <time>2026-05-09T21:14:33Z</time>
        <extensions>
          <geotracker:meta c="0.95" s="1.27" />
        </extensions>
      </trkpt>
      <trkpt lat="7.32451833" lon="3.88314">
        <ele>195.7</ele>
        <time>2026-05-09T21:14:38Z</time>
        <extensions>
          <geotracker:meta c="0.83" s="1.27" />
        </extensions>
      </trkpt>
      <trkpt lat="7.324555" lon="3.88316667">
        <ele>195.8</ele>
        <time>2026-05-09T21:14:42Z</time>
        <extensions>
          <geotracker:meta c="0.93" s="1.16" />
        </extensions>
      </trkpt>
      <trkpt lat="7.32458" lon="3.88320833">
        <ele>195.1</ele>
        <time>2026-05-09T21:14:46Z</time>
        <extensions>
          <geotracker:meta c="1.03" s="1.15" />
        </extensions>
      </trkpt>
      <trkpt lat="7.32462167" lon="3.88324333">
        <ele>195.2</ele>
        <time>2026-05-09T21:14:51Z</time>
        <extensions>
          <geotracker:meta c="0.59" s="1.15" />
        </extensions>
      </trkpt>
      <trkpt lat="7.32465833" lon="3.88328833">
        <ele>196.1</ele>
        <time>2026-05-09T21:14:55Z</time>
        <extensions>
          <geotracker:meta c="1.09" s="1.15" />
        </extensions>
      </trkpt>
      <trkpt lat="7.324685" lon="3.88332833">
        <ele>195.6</ele>
        <time>2026-05-09T21:14:59Z</time>
        <extensions>
          <geotracker:meta c="0.84" s="1.1" />
        </extensions>
      </trkpt>
      <trkpt lat="7.32472167" lon="3.88337167">
        <ele>195.4</ele>
        <time>2026-05-09T21:15:04Z</time>
        <extensions>
          <geotracker:meta c="0.92" s="1.24" />
        </extensions>
      </trkpt>
      <trkpt lat="7.32476167" lon="3.883405">
        <ele>194.2</ele>
        <time>2026-05-09T21:15:08Z</time>
        <extensions>
          <geotracker:meta c="0.8" s="1.31" />
        </extensions>
      </trkpt>
      <trkpt lat="7.32479833" lon="3.88344667">
        <ele>193.4</ele>
        <time>2026-05-09T21:15:13Z</time>
        <extensions>
          <geotracker:meta c="0.97" s="1.26" />
        </extensions>
      </trkpt>
      <trkpt lat="7.32483" lon="3.88349">
        <ele>193.6</ele>
        <time>2026-05-09T21:15:17Z</time>
        <extensions>
          <geotracker:meta c="0.98" s="1.27" />
        </extensions>
      </trkpt>
      <trkpt lat="7.324855" lon="3.88352833">
        <ele>192.9</ele>
        <time>2026-05-09T21:15:21Z</time>
        <extensions>
          <geotracker:meta c="0.79" s="1.24" />
        </extensions>
      </trkpt>
      <trkpt lat="7.32488833" lon="3.88356167">
        <ele>192.5</ele>
        <time>2026-05-09T21:15:25Z</time>
        <extensions>
          <geotracker:meta c="0.74" s="1.28" />
        </extensions>
      </trkpt>
      <trkpt lat="7.32492167" lon="3.883595">
        <ele>192.8</ele>
        <time>2026-05-09T21:15:29Z</time>
        <extensions>
          <geotracker:meta c="0.88" s="1.2" />
        </extensions>
      </trkpt>
      <trkpt lat="7.32495167" lon="3.88363">
        <ele>192.3</ele>
        <time>2026-05-09T21:15:33Z</time>
        <extensions>
          <geotracker:meta c="0.71" s="1.27" />
        </extensions>
      </trkpt>
      <trkpt lat="7.32499167" lon="3.88367333">
        <ele>191.6</ele>
        <time>2026-05-09T21:15:38Z</time>
        <extensions>
          <geotracker:meta c="0.92" s="1.27" />
        </extensions>
      </trkpt>
      <trkpt lat="7.32503" lon="3.883715">
        <ele>190.9</ele>
        <time>2026-05-09T21:15:43Z</time>
        <extensions>
          <geotracker:meta c="0.81" s="1.18" />
        </extensions>
      </trkpt>
      <trkpt lat="7.32506167" lon="3.88375167">
        <ele>190.5</ele>
        <time>2026-05-09T21:15:47Z</time>
        <extensions>
          <geotracker:meta c="0.7" s="1.24" />
        </extensions>
      </trkpt>
      <trkpt lat="7.325095" lon="3.88378833">
        <ele>190.1</ele>
        <time>2026-05-09T21:15:51Z</time>
        <extensions>
          <geotracker:meta c="1.04" s="1.32" />
        </extensions>
      </trkpt>
      <trkpt lat="7.32513333" lon="3.88382167">
        <ele>190.4</ele>
        <time>2026-05-09T21:15:55Z</time>
        <extensions>
          <geotracker:meta c="0.73" s="1.41" />
        </extensions>
      </trkpt>
      <trkpt lat="7.32517" lon="3.88385667">
        <ele>190.4</ele>
        <time>2026-05-09T21:15:59Z</time>
        <extensions>
          <geotracker:meta c="1.07" s="1.36" />
        </extensions>
      </trkpt>
      <trkpt lat="7.32520667" lon="3.88388833">
        <ele>190.3</ele>
        <time>2026-05-09T21:16:03Z</time>
        <extensions>
          <geotracker:meta c="0.7" s="1.22" />
        </extensions>
      </trkpt>
      <trkpt lat="7.325235" lon="3.88393">
        <ele>190.3</ele>
        <time>2026-05-09T21:16:07Z</time>
        <extensions>
          <geotracker:meta c="0.49" s="1.18" />
        </extensions>
      </trkpt>
      <trkpt lat="7.325275" lon="3.88397167">
        <ele>191.4</ele>
        <time>2026-05-09T21:16:12Z</time>
        <extensions>
          <geotracker:meta c="0.8" s="1.18" />
        </extensions>
      </trkpt>
      <trkpt lat="7.32531833" lon="3.88400167">
        <ele>193.4</ele>
        <time>2026-05-09T21:16:16Z</time>
        <extensions>
          <geotracker:meta c="0.4" s="1.19" />
        </extensions>
      </trkpt>
      <trkpt lat="7.32536" lon="3.88403667">
        <ele>193.3</ele>
        <time>2026-05-09T21:16:21Z</time>
        <extensions>
          <geotracker:meta c="0.74" s="1.18" />
        </extensions>
      </trkpt>
      <trkpt lat="7.32539667" lon="3.884065">
        <ele>192.5</ele>
        <time>2026-05-09T21:16:25Z</time>
        <extensions>
          <geotracker:meta c="0.74" s="1.16" />
        </extensions>
      </trkpt>
      <trkpt lat="7.32543167" lon="3.88410333">
        <ele>193.9</ele>
        <time>2026-05-09T21:16:31Z</time>
        <extensions>
          <geotracker:meta c="0.79" s="1.04" />
        </extensions>
      </trkpt>
      <trkpt lat="7.32539667" lon="3.88407167">
        <ele>194.5</ele>
        <time>2026-05-09T21:16:59Z</time>
        <extensions>
          <geotracker:meta c="4.18" s="0.92" />
        </extensions>
      </trkpt>
      <trkpt lat="7.32534167" lon="3.88400833">
        <ele>195.5</ele>
        <time>2026-05-09T21:17:06Z</time>
        <extensions>
          <geotracker:meta c="4.08" s="1.07" />
        </extensions>
      </trkpt>
      <trkpt lat="7.3253" lon="3.88397167">
        <ele>195.6</ele>
        <time>2026-05-09T21:17:11Z</time>
        <extensions>
          <geotracker:meta c="4.05" s="1.08" />
        </extensions>
      </trkpt>
      <trkpt lat="7.32526167" lon="3.88394667">
        <ele>196</ele>
        <time>2026-05-09T21:17:15Z</time>
        <extensions>
          <geotracker:meta c="3.77" s="1.09" />
        </extensions>
      </trkpt>
      <trkpt lat="7.32522667" lon="3.88390333">
        <ele>195.1</ele>
        <time>2026-05-09T21:17:20Z</time>
        <extensions>
          <geotracker:meta c="4.06" s="1.11" />
        </extensions>
      </trkpt>
      <trkpt lat="7.32519667" lon="3.88386833">
        <ele>195.3</ele>
        <time>2026-05-09T21:17:24Z</time>
        <extensions>
          <geotracker:meta c="3.87" s="1.12" />
        </extensions>
      </trkpt>
      <trkpt lat="7.32517" lon="3.88383167">
        <ele>194.9</ele>
        <time>2026-05-09T21:17:28Z</time>
        <extensions>
          <geotracker:meta c="4.02" s="1.13" />
        </extensions>
      </trkpt>
      <trkpt lat="7.32513333" lon="3.88379833">
        <ele>193.4</ele>
        <time>2026-05-09T21:17:33Z</time>
        <extensions>
          <geotracker:meta c="3.83" s="1.17" />
        </extensions>
      </trkpt>
      <trkpt lat="7.32510833" lon="3.88375667">
        <ele>192.6</ele>
        <time>2026-05-09T21:17:37Z</time>
        <extensions>
          <geotracker:meta c="4.1" s="1.2" />
        </extensions>
      </trkpt>
      <trkpt lat="7.32507" lon="3.88372833">
        <ele>192.3</ele>
        <time>2026-05-09T21:17:41Z</time>
        <extensions>
          <geotracker:meta c="3.95" s="1.2" />
        </extensions>
      </trkpt>
      <trkpt lat="7.32503" lon="3.88368833">
        <ele>191.9</ele>
        <time>2026-05-09T21:17:46Z</time>
        <extensions>
          <geotracker:meta c="3.92" s="1.2" />
        </extensions>
      </trkpt>
      <trkpt lat="7.32499667" lon="3.88364667">
        <ele>191.9</ele>
        <time>2026-05-09T21:17:51Z</time>
        <extensions>
          <geotracker:meta c="4" s="1.18" />
        </extensions>
      </trkpt>
      <trkpt lat="7.324965" lon="3.88361333">
        <ele>191.2</ele>
        <time>2026-05-09T21:17:55Z</time>
        <extensions>
          <geotracker:meta c="3.98" s="1.21" />
        </extensions>
      </trkpt>
      <trkpt lat="7.32492167" lon="3.88358167">
        <ele>190.7</ele>
        <time>2026-05-09T21:18:00Z</time>
        <extensions>
          <geotracker:meta c="3.89" s="1.2" />
        </extensions>
      </trkpt>
      <trkpt lat="7.32488833" lon="3.88354667">
        <ele>190.2</ele>
        <time>2026-05-09T21:18:04Z</time>
        <extensions>
          <geotracker:meta c="4.2" s="1.23" />
        </extensions>
      </trkpt>
      <trkpt lat="7.32486" lon="3.88350167">
        <ele>189.8</ele>
        <time>2026-05-09T21:18:09Z</time>
        <extensions>
          <geotracker:meta c="4.06" s="1.27" />
        </extensions>
      </trkpt>
      <trkpt lat="7.324825" lon="3.88346833">
        <ele>189.8</ele>
        <time>2026-05-09T21:18:13Z</time>
        <extensions>
          <geotracker:meta c="4" s="1.25" />
        </extensions>
      </trkpt>
      <trkpt lat="7.32479167" lon="3.88343667">
        <ele>190.4</ele>
        <time>2026-05-09T21:18:18Z</time>
        <extensions>
          <geotracker:meta c="3.72" s="1.17" />
        </extensions>
      </trkpt>
      <trkpt lat="7.32475167" lon="3.883395">
        <ele>191.3</ele>
        <time>2026-05-09T21:18:23Z</time>
        <extensions>
          <geotracker:meta c="3.92" s="1.13" />
        </extensions>
      </trkpt>
      <trkpt lat="7.324725" lon="3.88335833">
        <ele>192.2</ele>
        <time>2026-05-09T21:18:27Z</time>
        <extensions>
          <geotracker:meta c="3.88" s="1.15" />
        </extensions>
      </trkpt>
      <trkpt lat="7.32470167" lon="3.88330833">
        <ele>192</ele>
        <time>2026-05-09T21:18:32Z</time>
        <extensions>
          <geotracker:meta c="4.05" s="1.2" />
        </extensions>
      </trkpt>
      <trkpt lat="7.32466667" lon="3.88326833">
        <ele>191.2</ele>
        <time>2026-05-09T21:18:37Z</time>
        <extensions>
          <geotracker:meta c="3.85" s="1.16" />
        </extensions>
      </trkpt>
      <trkpt lat="7.32462667" lon="3.88323">
        <ele>191.1</ele>
        <time>2026-05-09T21:18:42Z</time>
        <extensions>
          <geotracker:meta c="3.98" s="1.16" />
        </extensions>
      </trkpt>
      <trkpt lat="7.32459167" lon="3.883185">
        <ele>190.5</ele>
        <time>2026-05-09T21:18:47Z</time>
        <extensions>
          <geotracker:meta c="4.05" s="1.25" />
        </extensions>
      </trkpt>
      <trkpt lat="7.32456333" lon="3.88314">
        <ele>187.8</ele>
        <time>2026-05-09T21:18:52Z</time>
        <extensions>
          <geotracker:meta c="4.12" s="1.27" />
        </extensions>
      </trkpt>
      <trkpt lat="7.324535" lon="3.88309667">
        <ele>187.6</ele>
        <time>2026-05-09T21:18:57Z</time>
        <extensions>
          <geotracker:meta c="4.33" s="1.22" />
        </extensions>
      </trkpt>
      <trkpt lat="7.32451167" lon="3.883055">
        <ele>189.2</ele>
        <time>2026-05-09T21:19:01Z</time>
        <extensions>
          <geotracker:meta c="4.08" s="1.23" />
        </extensions>
      </trkpt>
      <trkpt lat="7.32448167" lon="3.88301">
        <ele>191.7</ele>
        <time>2026-05-09T21:19:08Z</time>
        <extensions>
          <geotracker:meta c="3.76" s="0.95" />
        </extensions>
      </trkpt>
      <trkpt lat="7.32443667" lon="3.88298">
        <ele>191.3</ele>
        <time>2026-05-09T21:19:12Z</time>
        <extensions>
          <geotracker:meta c="4.09" s="0.92" />
        </extensions>
      </trkpt>
      <trkpt lat="7.32441333" lon="3.882935">
        <ele>190.8</ele>
        <time>2026-05-09T21:19:17Z</time>
        <extensions>
          <geotracker:meta c="3.96" s="1.07" />
        </extensions>
      </trkpt>
      <trkpt lat="7.32436667" lon="3.88293667">
        <ele>193.4</ele>
        <time>2026-05-09T21:19:26Z</time>
        <extensions>
          <geotracker:meta c="3" s="0.56" />
        </extensions>
      </trkpt>
      <trkpt lat="7.32431167" lon="3.88295667">
        <ele>194.3</ele>
        <time>2026-05-09T21:19:31Z</time>
        <extensions>
          <geotracker:meta c="2.68" s="0.97" />
        </extensions>
      </trkpt>
      <trkpt lat="7.32426667" lon="3.88297667">
        <ele>193.8</ele>
        <time>2026-05-09T21:19:36Z</time>
        <extensions>
          <geotracker:meta c="2.58" s="1.12" />
        </extensions>
      </trkpt>
      <trkpt lat="7.32422667" lon="3.883005">
        <ele>193.4</ele>
        <time>2026-05-09T21:19:41Z</time>
        <extensions>
          <geotracker:meta c="2.65" s="1.04" />
        </extensions>
      </trkpt>
      <trkpt lat="7.32418333" lon="3.88303833">
        <ele>193.6</ele>
        <time>2026-05-09T21:19:46Z</time>
        <extensions>
          <geotracker:meta c="2.65" s="1.04" />
        </extensions>
      </trkpt>
      <trkpt lat="7.32414833" lon="3.88306833">
        <ele>193.7</ele>
        <time>2026-05-09T21:19:50Z</time>
        <extensions>
          <geotracker:meta c="2.41" s="1.15" />
        </extensions>
      </trkpt>
      <trkpt lat="7.32410667" lon="3.88309333">
        <ele>192.6</ele>
        <time>2026-05-09T21:19:55Z</time>
        <extensions>
          <geotracker:meta c="2.61" s="1.24" />
        </extensions>
      </trkpt>
      <trkpt lat="7.324065" lon="3.88312667">
        <ele>191.9</ele>
        <time>2026-05-09T21:20:00Z</time>
        <extensions>
          <geotracker:meta c="2.53" s="1.16" />
        </extensions>
      </trkpt>
      <trkpt lat="7.32402667" lon="3.88315167">
        <ele>191.7</ele>
        <time>2026-05-09T21:20:03Z</time>
        <extensions>
          <geotracker:meta c="2.56" s="1.15" />
        </extensions>
      </trkpt>
      <trkpt lat="7.32398667" lon="3.88318167">
        <ele>192.1</ele>
        <time>2026-05-09T21:20:08Z</time>
        <extensions>
          <geotracker:meta c="2.43" s="1.14" />
        </extensions>
      </trkpt>
      <trkpt lat="7.32394333" lon="3.88321667">
        <ele>190.9</ele>
        <time>2026-05-09T21:20:13Z</time>
        <extensions>
          <geotracker:meta c="2.37" s="1.03" />
        </extensions>
      </trkpt>
      <trkpt lat="7.32391333" lon="3.88325833">
        <ele>188.3</ele>
        <time>2026-05-09T21:20:18Z</time>
        <extensions>
          <geotracker:meta c="2.47" s="1.07" />
        </extensions>
      </trkpt>
      <trkpt lat="7.32386667" lon="3.88328833">
        <ele>188.8</ele>
        <time>2026-05-09T21:20:22Z</time>
        <extensions>
          <geotracker:meta c="2.57" s="1.34" />
        </extensions>
      </trkpt>
      <trkpt lat="7.32383167" lon="3.88332">
        <ele>189.5</ele>
        <time>2026-05-09T21:20:26Z</time>
        <extensions>
          <geotracker:meta c="2.62" s="1.35" />
        </extensions>
      </trkpt>
      <trkpt lat="7.323795" lon="3.88335833">
        <ele>188.3</ele>
        <time>2026-05-09T21:20:32Z</time>
        <extensions>
          <geotracker:meta c="2.18" s="1.12" />
        </extensions>
      </trkpt>
      <trkpt lat="7.32376167" lon="3.88339833">
        <ele>187.7</ele>
        <time>2026-05-09T21:20:37Z</time>
        <extensions>
          <geotracker:meta c="2.41" s="1.06" />
        </extensions>
      </trkpt>
      <trkpt lat="7.32372" lon="3.88343167">
        <ele>188.7</ele>
        <time>2026-05-09T21:20:43Z</time>
        <extensions>
          <geotracker:meta c="2.34" s="1.09" />
        </extensions>
      </trkpt>
      <trkpt lat="7.323685" lon="3.88347667">
        <ele>188.2</ele>
        <time>2026-05-09T21:20:49Z</time>
        <extensions>
          <geotracker:meta c="2.12" s="1.09" />
        </extensions>
      </trkpt>
      <trkpt lat="7.32365167" lon="3.883515">
        <ele>187.7</ele>
        <time>2026-05-09T21:20:54Z</time>
        <extensions>
          <geotracker:meta c="2.36" s="0.99" />
        </extensions>
      </trkpt>
      <trkpt lat="7.32360833" lon="3.88353667">
        <ele>188.7</ele>
        <time>2026-05-09T21:20:59Z</time>
        <extensions>
          <geotracker:meta c="2.38" s="0.94" />
        </extensions>
      </trkpt>
      <trkpt lat="7.32358667" lon="3.88358">
        <ele>186.3</ele>
        <time>2026-05-09T21:21:24Z</time>
        <extensions>
          <geotracker:meta c="2.13" s="0.32" />
        </extensions>
      </trkpt>
      <trkpt lat="7.323545" lon="3.88361333">
        <ele>187.4</ele>
        <time>2026-05-09T21:21:32Z</time>
        <extensions>
          <geotracker:meta c="2.6" s="0.81" />
        </extensions>
      </trkpt>
      <trkpt lat="7.32351" lon="3.88364333">
        <ele>188.8</ele>
        <time>2026-05-09T21:21:39Z</time>
        <extensions>
          <geotracker:meta c="2.38" s="0.84" />
        </extensions>
      </trkpt>
    </trkseg>
    <trkseg>
      <trkpt lat="7.32402167" lon="3.88409">
        <ele>191.9</ele>
        <time>2026-05-09T21:24:23Z</time>
        <extensions>
          <geotracker:meta c="3.9" s="0" />
        </extensions>
      </trkpt>
      <trkpt lat="7.32395833" lon="3.88402667">
        <ele>194</ele>
        <time>2026-05-09T21:24:48Z</time>
        <extensions>
          <geotracker:meta c="3.91" s="0.82" />
        </extensions>
      </trkpt>
      <trkpt lat="7.323915" lon="3.88399833">
        <ele>193.9</ele>
        <time>2026-05-09T21:24:53Z</time>
        <extensions>
          <geotracker:meta c="3.76" s="1.05" />
        </extensions>
      </trkpt>
      <trkpt lat="7.323875" lon="3.88397167">
        <ele>194.4</ele>
        <time>2026-05-09T21:24:58Z</time>
        <extensions>
          <geotracker:meta c="3.57" s="1.07" />
        </extensions>
      </trkpt>
      <trkpt lat="7.32384333" lon="3.88393833">
        <ele>193.5</ele>
        <time>2026-05-09T21:25:03Z</time>
        <extensions>
          <geotracker:meta c="3.84" s="1.11" />
        </extensions>
      </trkpt>
      <trkpt lat="7.32380333" lon="3.88391">
        <ele>190.8</ele>
        <time>2026-05-09T21:25:07Z</time>
        <extensions>
          <geotracker:meta c="3.82" s="1.16" />
        </extensions>
      </trkpt>
      <trkpt lat="7.32377167" lon="3.88387167">
        <ele>189.4</ele>
        <time>2026-05-09T21:25:12Z</time>
        <extensions>
          <geotracker:meta c="3.99" s="1.13" />
        </extensions>
      </trkpt>
      <trkpt lat="7.32373667" lon="3.88383167">
        <ele>189.1</ele>
        <time>2026-05-09T21:25:17Z</time>
        <extensions>
          <geotracker:meta c="3.76" s="1.09" />
        </extensions>
      </trkpt>
      <trkpt lat="7.32370667" lon="3.88379333">
        <ele>190.7</ele>
        <time>2026-05-09T21:25:22Z</time>
        <extensions>
          <geotracker:meta c="3.85" s="1.08" />
        </extensions>
      </trkpt>
      <trkpt lat="7.32366833" lon="3.88376667">
        <ele>192.1</ele>
        <time>2026-05-09T21:25:26Z</time>
        <extensions>
          <geotracker:meta c="4.05" s="1.04" />
        </extensions>
      </trkpt>
      <trkpt lat="7.323635" lon="3.88373">
        <ele>194.3</ele>
        <time>2026-05-09T21:25:31Z</time>
        <extensions>
          <geotracker:meta c="3.75" s="1" />
        </extensions>
      </trkpt>
      <trkpt lat="7.32360667" lon="3.88369">
        <ele>196.6</ele>
        <time>2026-05-09T21:25:37Z</time>
        <extensions>
          <geotracker:meta c="4.1" s="1.06" />
        </extensions>
      </trkpt>
      <trkpt lat="7.32358" lon="3.88365333">
        <ele>196.1</ele>
        <time>2026-05-09T21:25:43Z</time>
        <extensions>
          <geotracker:meta c="4.11" s="1" />
        </extensions>
      </trkpt>
      <trkpt lat="7.32359833" lon="3.88360667">
        <ele>193.2</ele>
        <time>2026-05-09T21:25:48Z</time>
        <extensions>
          <geotracker:meta c="5.17" s="0.95" />
        </extensions>
      </trkpt>
    </trkseg>
    <trkseg>
      <trkpt lat="7.32632333" lon="3.87816">
        <ele>118.6</ele>
        <time>2026-05-10T12:13:24Z</time>
        <extensions>
          <geotracker:meta c="4.38" s="0.41" />
        </extensions>
      </trkpt>
      <trkpt lat="7.32594833" lon="3.87810167">
        <ele>192.3</ele>
        <time>2026-05-10T12:13:27Z</time>
        <extensions>
          <geotracker:meta c="4.38" s="0.24" />
        </extensions>
      </trkpt>
      <trkpt lat="7.32602833" lon="3.878075">
        <ele>201.2</ele>
        <time>2026-05-10T12:13:30Z</time>
        <extensions>
          <geotracker:meta c="4.31" s="0.42" />
        </extensions>
      </trkpt>
      <trkpt lat="7.32593667" lon="3.87807333">
        <ele>205.3</ele>
        <time>2026-05-10T12:13:31Z</time>
        <extensions>
          <geotracker:meta c="4.34" s="0.34" />
        </extensions>
      </trkpt>
      <trkpt lat="7.326175" lon="3.87801333">
        <ele>209.4</ele>
        <time>2026-05-10T12:13:33Z</time>
        <extensions>
          <geotracker:meta c="3.82" s="0" />
        </extensions>
      </trkpt>
      <trkpt lat="7.32623" lon="3.87801">
        <ele>207.3</ele>
        <time>2026-05-10T12:13:35Z</time>
        <extensions>
          <geotracker:meta c="3.82" s="0" />
        </extensions>
      </trkpt>
      <trkpt lat="7.32619" lon="3.878035">
        <ele>196.2</ele>
        <time>2026-05-10T12:13:42Z</time>
        <extensions>
          <geotracker:meta c="3.82" s="0" />
        </extensions>
      </trkpt>
      <trkpt lat="7.32614" lon="3.87805333">
        <ele>193.5</ele>
        <time>2026-05-10T12:13:47Z</time>
        <extensions>
          <geotracker:meta c="3.82" s="0" />
        </extensions>
      </trkpt>
      <trkpt lat="7.32619167" lon="3.87805667">
        <ele>197.8</ele>
        <time>2026-05-10T12:13:58Z</time>
        <extensions>
          <geotracker:meta c="3.82" s="0" />
        </extensions>
      </trkpt>
      <trkpt lat="7.32609667" lon="3.87808">
        <ele>197.4</ele>
        <time>2026-05-10T12:14:20Z</time>
        <extensions>
          <geotracker:meta c="3.82" s="0" />
        </extensions>
      </trkpt>
      <trkpt lat="7.32621333" lon="3.87817667">
        <ele>201.4</ele>
        <time>2026-05-10T12:16:09Z</time>
        <extensions>
          <geotracker:meta c="3.82" s="0" />
        </extensions>
      </trkpt>
      <trkpt lat="7.326175" lon="3.87813667">
        <ele>196.6</ele>
        <time>2026-05-10T12:16:19Z</time>
        <extensions>
          <geotracker:meta c="3.82" s="0" />
        </extensions>
      </trkpt>
      <trkpt lat="7.32611833" lon="3.878125">
        <ele>198.1</ele>
        <time>2026-05-10T12:16:23Z</time>
        <extensions>
          <geotracker:meta c="3.82" s="0" />
        </extensions>
      </trkpt>
      <trkpt lat="7.32606" lon="3.87811333">
        <ele>202.1</ele>
        <time>2026-05-10T12:16:30Z</time>
        <extensions>
          <geotracker:meta c="3.82" s="0" />
        </extensions>
      </trkpt>
      <trkpt lat="7.326005" lon="3.87811167">
        <ele>202.3</ele>
        <time>2026-05-10T12:16:34Z</time>
        <extensions>
          <geotracker:meta c="3.5" s="1.33" />
        </extensions>
      </trkpt>
      <trkpt lat="7.32601167" lon="3.87815667">
        <ele>204.1</ele>
        <time>2026-05-10T12:16:39Z</time>
        <extensions>
          <geotracker:meta c="2.98" s="1.04" />
        </extensions>
      </trkpt>
      <trkpt lat="7.32605833" lon="3.87816333">
        <ele>207.7</ele>
        <time>2026-05-10T12:16:40Z</time>
        <extensions>
          <geotracker:meta c="3.05" s="0.93" />
        </extensions>
      </trkpt>
      <trkpt lat="7.32611833" lon="3.87817667">
        <ele>212.7</ele>
        <time>2026-05-10T12:16:42Z</time>
        <extensions>
          <geotracker:meta c="0.93" s="0.73" />
        </extensions>
      </trkpt>
      <trkpt lat="7.32615" lon="3.87821">
        <ele>212</ele>
        <time>2026-05-10T12:16:59Z</time>
        <extensions>
          <geotracker:meta c="0.93" s="0" />
        </extensions>
      </trkpt>
      <trkpt lat="7.32620667" lon="3.87820833">
        <ele>215.8</ele>
        <time>2026-05-10T12:17:03Z</time>
        <extensions>
          <geotracker:meta c="0.93" s="0" />
        </extensions>
      </trkpt>
      <trkpt lat="7.326235" lon="3.87817167">
        <ele>217.3</ele>
        <time>2026-05-10T12:17:14Z</time>
        <extensions>
          <geotracker:meta c="0.93" s="0" />
        </extensions>
      </trkpt>
      <trkpt lat="7.326265" lon="3.87813667">
        <ele>216.5</ele>
        <time>2026-05-10T12:17:20Z</time>
        <extensions>
          <geotracker:meta c="0.93" s="0" />
        </extensions>
      </trkpt>
      <trkpt lat="7.32625333" lon="3.87808833">
        <ele>216.4</ele>
        <time>2026-05-10T12:17:22Z</time>
        <extensions>
          <geotracker:meta c="0.93" s="0" />
        </extensions>
      </trkpt>
      <trkpt lat="7.32620167" lon="3.87810333">
        <ele>214.9</ele>
        <time>2026-05-10T12:17:27Z</time>
        <extensions>
          <geotracker:meta c="0.93" s="0" />
        </extensions>
      </trkpt>
      <trkpt lat="7.32618167" lon="3.8782">
        <ele>213</ele>
        <time>2026-05-10T12:17:33Z</time>
        <extensions>
          <geotracker:meta c="0.93" s="0" />
        </extensions>
      </trkpt>
      <trkpt lat="7.326155" lon="3.87824">
        <ele>211.3</ele>
        <time>2026-05-10T12:17:45Z</time>
        <extensions>
          <geotracker:meta c="0.93" s="0" />
        </extensions>
      </trkpt>
      <trkpt lat="7.326165" lon="3.878195">
        <ele>210.3</ele>
        <time>2026-05-10T12:17:54Z</time>
        <extensions>
          <geotracker:meta c="0.93" s="0" />
        </extensions>
      </trkpt>
      <trkpt lat="7.32607167" lon="3.87814833">
        <ele>209.3</ele>
        <time>2026-05-10T12:18:18Z</time>
        <extensions>
          <geotracker:meta c="0.93" s="0" />
        </extensions>
      </trkpt>
      <trkpt lat="7.32611167" lon="3.87819833">
        <ele>209.2</ele>
        <time>2026-05-10T12:18:26Z</time>
        <extensions>
          <geotracker:meta c="0.93" s="0" />
        </extensions>
      </trkpt>
      <trkpt lat="7.326085" lon="3.87811667">
        <ele>210</ele>
        <time>2026-05-10T12:18:39Z</time>
        <extensions>
          <geotracker:meta c="0.93" s="0" />
        </extensions>
      </trkpt>
      <trkpt lat="7.32613833" lon="3.87810167">
        <ele>210.7</ele>
        <time>2026-05-10T12:18:42Z</time>
        <extensions>
          <geotracker:meta c="0.93" s="0" />
        </extensions>
      </trkpt>
      <trkpt lat="7.32619" lon="3.87808">
        <ele>211.1</ele>
        <time>2026-05-10T12:18:48Z</time>
        <extensions>
          <geotracker:meta c="4.48" s="0" />
        </extensions>
      </trkpt>
      <trkpt lat="7.32622333" lon="3.87811167">
        <ele>210.4</ele>
        <time>2026-05-10T12:19:05Z</time>
        <extensions>
          <geotracker:meta c="4.48" s="0" />
        </extensions>
      </trkpt>
      <trkpt lat="7.32622" lon="3.87815833">
        <ele>209.7</ele>
        <time>2026-05-10T12:19:09Z</time>
        <extensions>
          <geotracker:meta c="4.48" s="0" />
        </extensions>
      </trkpt>
      <trkpt lat="7.32612167" lon="3.87820167">
        <ele>207.2</ele>
        <time>2026-05-10T12:19:18Z</time>
        <extensions>
          <geotracker:meta c="4.48" s="0" />
        </extensions>
      </trkpt>
      <trkpt lat="7.32609833" lon="3.87815667">
        <ele>206.7</ele>
        <time>2026-05-10T12:19:22Z</time>
        <extensions>
          <geotracker:meta c="4.48" s="0" />
        </extensions>
      </trkpt>
      <trkpt lat="7.32615167" lon="3.87813333">
        <ele>206.8</ele>
        <time>2026-05-10T12:19:33Z</time>
        <extensions>
          <geotracker:meta c="4.48" s="0" />
        </extensions>
      </trkpt>
      <trkpt lat="7.326105" lon="3.87813167">
        <ele>206.8</ele>
        <time>2026-05-10T12:19:36Z</time>
        <extensions>
          <geotracker:meta c="4.48" s="0" />
        </extensions>
      </trkpt>
      <trkpt lat="7.32611667" lon="3.8782">
        <ele>206.7</ele>
        <time>2026-05-10T12:19:45Z</time>
        <extensions>
          <geotracker:meta c="4.48" s="0" />
        </extensions>
      </trkpt>
      <trkpt lat="7.32614833" lon="3.87824667">
        <ele>206.7</ele>
        <time>2026-05-10T12:19:48Z</time>
        <extensions>
          <geotracker:meta c="4.48" s="0" />
        </extensions>
      </trkpt>
      <trkpt lat="7.32615833" lon="3.87815333">
        <ele>206.8</ele>
        <time>2026-05-10T12:19:53Z</time>
        <extensions>
          <geotracker:meta c="4.48" s="0" />
        </extensions>
      </trkpt>
      <trkpt lat="7.32617" lon="3.878225">
        <ele>206.8</ele>
        <time>2026-05-10T12:19:56Z</time>
        <extensions>
          <geotracker:meta c="4.48" s="0" />
        </extensions>
      </trkpt>
      <trkpt lat="7.326165" lon="3.87817">
        <ele>207.1</ele>
        <time>2026-05-10T12:20:00Z</time>
        <extensions>
          <geotracker:meta c="4.48" s="0" />
        </extensions>
      </trkpt>
      <trkpt lat="7.326125" lon="3.87812667">
        <ele>207.3</ele>
        <time>2026-05-10T12:20:03Z</time>
        <extensions>
          <geotracker:meta c="4.48" s="0" />
        </extensions>
      </trkpt>
      <trkpt lat="7.32605667" lon="3.87817167">
        <ele>207.5</ele>
        <time>2026-05-10T12:20:07Z</time>
        <extensions>
          <geotracker:meta c="4.48" s="0" />
        </extensions>
      </trkpt>
      <trkpt lat="7.32600333" lon="3.87818333">
        <ele>207.6</ele>
        <time>2026-05-10T12:20:10Z</time>
        <extensions>
          <geotracker:meta c="4.48" s="0" />
        </extensions>
      </trkpt>
      <trkpt lat="7.32596333" lon="3.87828667">
        <ele>207.6</ele>
        <time>2026-05-10T12:20:13Z</time>
        <extensions>
          <geotracker:meta c="4.48" s="0" />
        </extensions>
      </trkpt>
      <trkpt lat="7.32595333" lon="3.87834">
        <ele>207.7</ele>
        <time>2026-05-10T12:20:15Z</time>
        <extensions>
          <geotracker:meta c="4.48" s="0" />
        </extensions>
      </trkpt>
      <trkpt lat="7.325945" lon="3.87826667">
        <ele>207.8</ele>
        <time>2026-05-10T12:20:19Z</time>
        <extensions>
          <geotracker:meta c="4.48" s="0" />
        </extensions>
      </trkpt>
      <trkpt lat="7.32593833" lon="3.87822167">
        <ele>207.9</ele>
        <time>2026-05-10T12:20:22Z</time>
        <extensions>
          <geotracker:meta c="4.48" s="0" />
        </extensions>
      </trkpt>
      <trkpt lat="7.32597667" lon="3.87815833">
        <ele>207.9</ele>
        <time>2026-05-10T12:20:24Z</time>
        <extensions>
          <geotracker:meta c="4.48" s="0" />
        </extensions>
      </trkpt>
      <trkpt lat="7.32603167" lon="3.87811667">
        <ele>207.8</ele>
        <time>2026-05-10T12:20:25Z</time>
        <extensions>
          <geotracker:meta c="4.48" s="0" />
        </extensions>
      </trkpt>
      <trkpt lat="7.326075" lon="3.87809833">
        <ele>207.8</ele>
        <time>2026-05-10T12:20:26Z</time>
        <extensions>
          <geotracker:meta c="4.48" s="0" />
        </extensions>
      </trkpt>
      <trkpt lat="7.32613833" lon="3.87804333">
        <ele>207</ele>
        <time>2026-05-10T12:20:28Z</time>
        <extensions>
          <geotracker:meta c="4.76" s="0.95" />
        </extensions>
      </trkpt>
      <trkpt lat="7.32612667" lon="3.877995">
        <ele>204.3</ele>
        <time>2026-05-10T12:20:34Z</time>
        <extensions>
          <geotracker:meta c="4.08" s="1.11" />
        </extensions>
      </trkpt>
      <trkpt lat="7.326085" lon="3.87796333">
        <ele>201.6</ele>
        <time>2026-05-10T12:20:40Z</time>
        <extensions>
          <geotracker:meta c="3.35" s="0.85" />
        </extensions>
      </trkpt>
      <trkpt lat="7.32603167" lon="3.87796">
        <ele>200</ele>
        <time>2026-05-10T12:20:43Z</time>
        <extensions>
          <geotracker:meta c="2.88" s="0.94" />
        </extensions>
      </trkpt>
      <trkpt lat="7.325985" lon="3.87795833">
        <ele>200.3</ele>
        <time>2026-05-10T12:20:46Z</time>
        <extensions>
          <geotracker:meta c="3.08" s="0" />
        </extensions>
      </trkpt>
      <trkpt lat="7.32593333" lon="3.87795667">
        <ele>200.7</ele>
        <time>2026-05-10T12:20:50Z</time>
        <extensions>
          <geotracker:meta c="2.88" s="0" />
        </extensions>
      </trkpt>
      <trkpt lat="7.32588667" lon="3.877945">
        <ele>203.8</ele>
        <time>2026-05-10T12:20:56Z</time>
        <extensions>
          <geotracker:meta c="3.27" s="1.15" />
        </extensions>
      </trkpt>
      <trkpt lat="7.32584" lon="3.87795">
        <ele>203.9</ele>
        <time>2026-05-10T12:21:00Z</time>
        <extensions>
          <geotracker:meta c="2.74" s="1.05" />
        </extensions>
      </trkpt>
      <trkpt lat="7.32579333" lon="3.87796333">
        <ele>204</ele>
        <time>2026-05-10T12:21:04Z</time>
        <extensions>
          <geotracker:meta c="3.09" s="1.08" />
        </extensions>
      </trkpt>
      <trkpt lat="7.32574333" lon="3.87798">
        <ele>204.5</ele>
        <time>2026-05-10T12:21:09Z</time>
        <extensions>
          <geotracker:meta c="3.4" s="1.12" />
        </extensions>
      </trkpt>
      <trkpt lat="7.325685" lon="3.87797833">
        <ele>204.2</ele>
        <time>2026-05-10T12:21:14Z</time>
        <extensions>
          <geotracker:meta c="3.02" s="1.19" />
        </extensions>
      </trkpt>
      <trkpt lat="7.32563667" lon="3.877985">
        <ele>205.3</ele>
        <time>2026-05-10T12:21:18Z</time>
        <extensions>
          <geotracker:meta c="3.41" s="1.24" />
        </extensions>
      </trkpt>
      <trkpt lat="7.32559" lon="3.877975">
        <ele>205.7</ele>
        <time>2026-05-10T12:21:22Z</time>
        <extensions>
          <geotracker:meta c="3.31" s="1.23" />
        </extensions>
      </trkpt>
      <trkpt lat="7.32554167" lon="3.87798333">
        <ele>205.3</ele>
        <time>2026-05-10T12:21:27Z</time>
        <extensions>
          <geotracker:meta c="2.97" s="1.24" />
        </extensions>
      </trkpt>
      <trkpt lat="7.32548667" lon="3.877985">
        <ele>205.4</ele>
        <time>2026-05-10T12:21:32Z</time>
        <extensions>
          <geotracker:meta c="3.05" s="1.25" />
        </extensions>
      </trkpt>
      <trkpt lat="7.32543167" lon="3.878">
        <ele>204.6</ele>
        <time>2026-05-10T12:21:36Z</time>
        <extensions>
          <geotracker:meta c="3.1" s="1.29" />
        </extensions>
      </trkpt>
      <trkpt lat="7.32538" lon="3.87799833">
        <ele>204.2</ele>
        <time>2026-05-10T12:21:41Z</time>
        <extensions>
          <geotracker:meta c="2.89" s="1.25" />
        </extensions>
      </trkpt>
      <trkpt lat="7.32533667" lon="3.87801333">
        <ele>202.9</ele>
        <time>2026-05-10T12:21:46Z</time>
        <extensions>
          <geotracker:meta c="3.33" s="1.13" />
        </extensions>
      </trkpt>
      <trkpt lat="7.32536167" lon="3.87807333">
        <ele>201.6</ele>
        <time>2026-05-10T12:21:57Z</time>
        <extensions>
          <geotracker:meta c="4.22" s="0" />
        </extensions>
      </trkpt>
      <trkpt lat="7.325385" lon="3.87780667">
        <ele>199.9</ele>
        <time>2026-05-10T12:22:07Z</time>
        <extensions>
          <geotracker:meta c="4.22" s="0" />
        </extensions>
      </trkpt>
      <trkpt lat="7.32541833" lon="3.87776167">
        <ele>198.8</ele>
        <time>2026-05-10T12:22:12Z</time>
        <extensions>
          <geotracker:meta c="4.22" s="0" />
        </extensions>
      </trkpt>
      <trkpt lat="7.32543667" lon="3.87780667">
        <ele>211.9</ele>
        <time>2026-05-10T12:22:21Z</time>
        <extensions>
          <geotracker:meta c="5.74" s="0" />
        </extensions>
      </trkpt>
      <trkpt lat="7.32543167" lon="3.87786167">
        <ele>211.5</ele>
        <time>2026-05-10T12:22:27Z</time>
        <extensions>
          <geotracker:meta c="5.74" s="0" />
        </extensions>
      </trkpt>
      <trkpt lat="7.32543833" lon="3.87792">
        <ele>210.2</ele>
        <time>2026-05-10T12:22:35Z</time>
        <extensions>
          <geotracker:meta c="5.74" s="0" />
        </extensions>
      </trkpt>
      <trkpt lat="7.32548167" lon="3.877905">
        <ele>207.8</ele>
        <time>2026-05-10T12:22:41Z</time>
        <extensions>
          <geotracker:meta c="5.74" s="0" />
        </extensions>
      </trkpt>
      <trkpt lat="7.32550167" lon="3.87795833">
        <ele>207.6</ele>
        <time>2026-05-10T12:22:45Z</time>
        <extensions>
          <geotracker:meta c="5.74" s="0" />
        </extensions>
      </trkpt>
      <trkpt lat="7.325495" lon="3.87791333">
        <ele>207.2</ele>
        <time>2026-05-10T12:22:53Z</time>
        <extensions>
          <geotracker:meta c="5.74" s="0" />
        </extensions>
      </trkpt>
      <trkpt lat="7.32544333" lon="3.877855">
        <ele>207.7</ele>
        <time>2026-05-10T12:23:07Z</time>
        <extensions>
          <geotracker:meta c="5.74" s="0" />
        </extensions>
      </trkpt>
      <trkpt lat="7.32557167" lon="3.87775333">
        <ele>187.3</ele>
        <time>2026-05-10T12:23:55Z</time>
        <extensions>
          <geotracker:meta c="5.74" s="0" />
        </extensions>
      </trkpt>
      <trkpt lat="7.32562667" lon="3.877725">
        <ele>187.2</ele>
        <time>2026-05-10T12:23:58Z</time>
        <extensions>
          <geotracker:meta c="5.74" s="0" />
        </extensions>
      </trkpt>
      <trkpt lat="7.325595" lon="3.87776667">
        <ele>188</ele>
        <time>2026-05-10T12:24:01Z</time>
        <extensions>
          <geotracker:meta c="5.74" s="0" />
        </extensions>
      </trkpt>
      <trkpt lat="7.32559333" lon="3.87781667">
        <ele>187.6</ele>
        <time>2026-05-10T12:24:04Z</time>
        <extensions>
          <geotracker:meta c="5.74" s="0" />
        </extensions>
      </trkpt>
      <trkpt lat="7.32554" lon="3.87782333">
        <ele>188.5</ele>
        <time>2026-05-10T12:24:08Z</time>
        <extensions>
          <geotracker:meta c="5.74" s="0" />
        </extensions>
      </trkpt>
      <trkpt lat="7.32551167" lon="3.87778333">
        <ele>190.2</ele>
        <time>2026-05-10T12:24:22Z</time>
        <extensions>
          <geotracker:meta c="5.74" s="0" />
        </extensions>
      </trkpt>
      <trkpt lat="7.325555" lon="3.877815">
        <ele>190</ele>
        <time>2026-05-10T12:24:26Z</time>
        <extensions>
          <geotracker:meta c="5.74" s="0" />
        </extensions>
      </trkpt>
      <trkpt lat="7.32562" lon="3.87785833">
        <ele>189.4</ele>
        <time>2026-05-10T12:24:30Z</time>
        <extensions>
          <geotracker:meta c="5.74" s="0" />
        </extensions>
      </trkpt>
    </trkseg>
    <trkseg>
      <trkpt lat="7.32668833" lon="3.87907333">
        <ele>201.9</ele>
        <time>2026-05-10T19:29:54Z</time>
        <extensions>
          <geotracker:meta c="2.82" s="0.11" />
        </extensions>
      </trkpt>
      <trkpt lat="7.32665333" lon="3.87911167">
        <ele>200.6</ele>
        <time>2026-05-10T19:30:06Z</time>
        <extensions>
          <geotracker:meta c="1.73" s="0.52" />
        </extensions>
      </trkpt>
      <trkpt lat="7.32664" lon="3.87915833">
        <ele>198.9</ele>
        <time>2026-05-10T19:30:13Z</time>
        <extensions>
          <geotracker:meta c="1.82" s="1.03" />
        </extensions>
      </trkpt>
      <trkpt lat="7.326635" lon="3.879205">
        <ele>199.4</ele>
        <time>2026-05-10T19:30:19Z</time>
        <extensions>
          <geotracker:meta c="1.64" s="0.97" />
        </extensions>
      </trkpt>
      <trkpt lat="7.32664333" lon="3.87925">
        <ele>200.8</ele>
        <time>2026-05-10T19:30:26Z</time>
        <extensions>
          <geotracker:meta c="1.54" s="0.83" />
        </extensions>
      </trkpt>
      <trkpt lat="7.32663333" lon="3.87930333">
        <ele>201.5</ele>
        <time>2026-05-10T19:30:34Z</time>
        <extensions>
          <geotracker:meta c="1.74" s="0.6" />
        </extensions>
      </trkpt>
      <trkpt lat="7.32663167" lon="3.879355">
        <ele>203.2</ele>
        <time>2026-05-10T19:30:42Z</time>
        <extensions>
          <geotracker:meta c="1.41" s="1.02" />
        </extensions>
      </trkpt>
      <trkpt lat="7.32663" lon="3.87940333">
        <ele>203.7</ele>
        <time>2026-05-10T19:30:47Z</time>
        <extensions>
          <geotracker:meta c="1.52" s="0.94" />
        </extensions>
      </trkpt>
      <trkpt lat="7.32665167" lon="3.87945167">
        <ele>202.2</ele>
        <time>2026-05-10T19:30:52Z</time>
        <extensions>
          <geotracker:meta c="1.52" s="1.06" />
        </extensions>
      </trkpt>
      <trkpt lat="7.32666333" lon="3.87950167">
        <ele>202.3</ele>
        <time>2026-05-10T19:30:57Z</time>
        <extensions>
          <geotracker:meta c="1.45" s="1.1" />
        </extensions>
      </trkpt>
      <trkpt lat="7.32667667" lon="3.87955167">
        <ele>202.7</ele>
        <time>2026-05-10T19:31:03Z</time>
        <extensions>
          <geotracker:meta c="1.3" s="0.94" />
        </extensions>
      </trkpt>
      <trkpt lat="7.32667167" lon="3.87959833">
        <ele>202</ele>
        <time>2026-05-10T19:31:07Z</time>
        <extensions>
          <geotracker:meta c="2.22" s="0.99" />
        </extensions>
      </trkpt>
      <trkpt lat="7.326645" lon="3.87964333">
        <ele>201.2</ele>
        <time>2026-05-10T19:31:13Z</time>
        <extensions>
          <geotracker:meta c="1.75" s="0.92" />
        </extensions>
      </trkpt>
      <trkpt lat="7.32663167" lon="3.87969667">
        <ele>201</ele>
        <time>2026-05-10T19:31:18Z</time>
        <extensions>
          <geotracker:meta c="1.98" s="0.85" />
        </extensions>
      </trkpt>
      <trkpt lat="7.32661333" lon="3.87974">
        <ele>200.5</ele>
        <time>2026-05-10T19:31:23Z</time>
        <extensions>
          <geotracker:meta c="2.15" s="0.96" />
        </extensions>
      </trkpt>
      <trkpt lat="7.326595" lon="3.87978667">
        <ele>199</ele>
        <time>2026-05-10T19:31:28Z</time>
        <extensions>
          <geotracker:meta c="1.66" s="0.95" />
        </extensions>
      </trkpt>
      <trkpt lat="7.32658667" lon="3.87984167">
        <ele>196.9</ele>
        <time>2026-05-10T19:31:33Z</time>
        <extensions>
          <geotracker:meta c="1.41" s="0.92" />
        </extensions>
      </trkpt>
      <trkpt lat="7.32657833" lon="3.87988667">
        <ele>196</ele>
        <time>2026-05-10T19:31:38Z</time>
        <extensions>
          <geotracker:meta c="1.52" s="0.94" />
        </extensions>
      </trkpt>
      <trkpt lat="7.32658833" lon="3.879935">
        <ele>195.1</ele>
        <time>2026-05-10T19:31:43Z</time>
        <extensions>
          <geotracker:meta c="1.35" s="1.01" />
        </extensions>
      </trkpt>
      <trkpt lat="7.32660167" lon="3.879985">
        <ele>197.1</ele>
        <time>2026-05-10T19:31:48Z</time>
        <extensions>
          <geotracker:meta c="1.43" s="1.05" />
        </extensions>
      </trkpt>
      <trkpt lat="7.326615" lon="3.88002833">
        <ele>198.4</ele>
        <time>2026-05-10T19:31:52Z</time>
        <extensions>
          <geotracker:meta c="1.24" s="1.05" />
        </extensions>
      </trkpt>
      <trkpt lat="7.32662167" lon="3.88008">
        <ele>199.6</ele>
        <time>2026-05-10T19:31:57Z</time>
        <extensions>
          <geotracker:meta c="1.53" s="1.05" />
        </extensions>
      </trkpt>
      <trkpt lat="7.326645" lon="3.88012833">
        <ele>200.4</ele>
        <time>2026-05-10T19:32:03Z</time>
        <extensions>
          <geotracker:meta c="1.5" s="1.07" />
        </extensions>
      </trkpt>
      <trkpt lat="7.32664667" lon="3.88017833">
        <ele>200</ele>
        <time>2026-05-10T19:32:08Z</time>
        <extensions>
          <geotracker:meta c="1.51" s="1.23" />
        </extensions>
      </trkpt>
      <trkpt lat="7.326655" lon="3.88022833">
        <ele>199.2</ele>
        <time>2026-05-10T19:32:14Z</time>
        <extensions>
          <geotracker:meta c="1.65" s="1.18" />
        </extensions>
      </trkpt>
      <trkpt lat="7.32665833" lon="3.88027833">
        <ele>198.3</ele>
        <time>2026-05-10T19:32:18Z</time>
        <extensions>
          <geotracker:meta c="1.31" s="1.14" />
        </extensions>
      </trkpt>
      <trkpt lat="7.32666833" lon="3.88032333">
        <ele>197.3</ele>
        <time>2026-05-10T19:32:22Z</time>
        <extensions>
          <geotracker:meta c="0.99" s="1.19" />
        </extensions>
      </trkpt>
      <trkpt lat="7.32668667" lon="3.880365">
        <ele>196.4</ele>
        <time>2026-05-10T19:32:26Z</time>
        <extensions>
          <geotracker:meta c="1.39" s="1.16" />
        </extensions>
      </trkpt>
      <trkpt lat="7.326705" lon="3.88041167">
        <ele>195.6</ele>
        <time>2026-05-10T19:32:30Z</time>
        <extensions>
          <geotracker:meta c="1.42" s="1.21" />
        </extensions>
      </trkpt>
      <trkpt lat="7.32672833" lon="3.880455">
        <ele>194.3</ele>
        <time>2026-05-10T19:32:34Z</time>
        <extensions>
          <geotracker:meta c="1.11" s="1.28" />
        </extensions>
      </trkpt>
      <trkpt lat="7.32675833" lon="3.88049">
        <ele>193.7</ele>
        <time>2026-05-10T19:32:38Z</time>
        <extensions>
          <geotracker:meta c="1.05" s="1.25" />
        </extensions>
      </trkpt>
      <trkpt lat="7.32678" lon="3.88053667">
        <ele>193.2</ele>
        <time>2026-05-10T19:32:43Z</time>
        <extensions>
          <geotracker:meta c="1.17" s="1.18" />
        </extensions>
      </trkpt>
      <trkpt lat="7.32679167" lon="3.88059">
        <ele>192.1</ele>
        <time>2026-05-10T19:32:49Z</time>
        <extensions>
          <geotracker:meta c="1.3" s="1.09" />
        </extensions>
      </trkpt>
      <trkpt lat="7.326785" lon="3.880635">
        <ele>191.5</ele>
        <time>2026-05-10T19:32:53Z</time>
        <extensions>
          <geotracker:meta c="1.44" s="1.15" />
        </extensions>
      </trkpt>
      <trkpt lat="7.32682" lon="3.88067333">
        <ele>192.5</ele>
        <time>2026-05-10T19:32:57Z</time>
        <extensions>
          <geotracker:meta c="1.25" s="1.2" />
        </extensions>
      </trkpt>
      <trkpt lat="7.326835" lon="3.88072167">
        <ele>193.5</ele>
        <time>2026-05-10T19:33:01Z</time>
        <extensions>
          <geotracker:meta c="1.25" s="1.22" />
        </extensions>
      </trkpt>
      <trkpt lat="7.32684833" lon="3.88076667">
        <ele>193.1</ele>
        <time>2026-05-10T19:33:06Z</time>
        <extensions>
          <geotracker:meta c="1.44" s="1.2" />
        </extensions>
      </trkpt>
      <trkpt lat="7.32686833" lon="3.88082">
        <ele>193.4</ele>
        <time>2026-05-10T19:33:11Z</time>
        <extensions>
          <geotracker:meta c="1.18" s="1.24" />
        </extensions>
      </trkpt>
      <trkpt lat="7.32687833" lon="3.88087">
        <ele>195</ele>
        <time>2026-05-10T19:33:16Z</time>
        <extensions>
          <geotracker:meta c="1.15" s="1.21" />
        </extensions>
      </trkpt>
      <trkpt lat="7.32687667" lon="3.88092167">
        <ele>194.6</ele>
        <time>2026-05-10T19:33:21Z</time>
        <extensions>
          <geotracker:meta c="1.43" s="1.09" />
        </extensions>
      </trkpt>
      <trkpt lat="7.32686333" lon="3.88096667">
        <ele>194.3</ele>
        <time>2026-05-10T19:33:25Z</time>
        <extensions>
          <geotracker:meta c="1.63" s="1.03" />
        </extensions>
      </trkpt>
      <trkpt lat="7.32685333" lon="3.88101333">
        <ele>194.2</ele>
        <time>2026-05-10T19:33:29Z</time>
        <extensions>
          <geotracker:meta c="1.77" s="1.13" />
        </extensions>
      </trkpt>
      <trkpt lat="7.32687" lon="3.88106">
        <ele>193.7</ele>
        <time>2026-05-10T19:33:36Z</time>
        <extensions>
          <geotracker:meta c="1.68" s="1.11" />
        </extensions>
      </trkpt>
      <trkpt lat="7.32686167" lon="3.881115">
        <ele>194.4</ele>
        <time>2026-05-10T19:33:42Z</time>
        <extensions>
          <geotracker:meta c="2" s="1.06" />
        </extensions>
      </trkpt>
      <trkpt lat="7.32683" lon="3.88115333">
        <ele>193.4</ele>
        <time>2026-05-10T19:33:47Z</time>
        <extensions>
          <geotracker:meta c="2.48" s="1.03" />
        </extensions>
      </trkpt>
    </trkseg>
    <trkseg>
      <trkpt lat="7.324365" lon="3.88444833">
        <ele>192.6</ele>
        <time>2026-05-10T20:05:37Z</time>
        <extensions>
          <geotracker:meta c="3.71" s="0.31" />
        </extensions>
      </trkpt>
      <trkpt lat="7.32433833" lon="3.88440833">
        <ele>193.8</ele>
        <time>2026-05-10T20:05:43Z</time>
        <extensions>
          <geotracker:meta c="3.96" s="0.59" />
        </extensions>
      </trkpt>
      <trkpt lat="7.32431333" lon="3.88436667">
        <ele>197.1</ele>
        <time>2026-05-10T20:05:50Z</time>
        <extensions>
          <geotracker:meta c="3.85" s="0.7" />
        </extensions>
      </trkpt>
      <trkpt lat="7.32427667" lon="3.88433833">
        <ele>197.5</ele>
        <time>2026-05-10T20:05:54Z</time>
        <extensions>
          <geotracker:meta c="4.02" s="0.82" />
        </extensions>
      </trkpt>
      <trkpt lat="7.32424833" lon="3.88429833">
        <ele>198.2</ele>
        <time>2026-05-10T20:06:00Z</time>
        <extensions>
          <geotracker:meta c="4" s="0.87" />
        </extensions>
      </trkpt>
      <trkpt lat="7.32421833" lon="3.88426333">
        <ele>200.7</ele>
        <time>2026-05-10T20:06:06Z</time>
        <extensions>
          <geotracker:meta c="3.93" s="0.93" />
        </extensions>
      </trkpt>
      <trkpt lat="7.32418" lon="3.884235">
        <ele>200</ele>
        <time>2026-05-10T20:06:11Z</time>
        <extensions>
          <geotracker:meta c="4.25" s="0.94" />
        </extensions>
      </trkpt>
      <trkpt lat="7.324135" lon="3.8842">
        <ele>197.9</ele>
        <time>2026-05-10T20:06:15Z</time>
        <extensions>
          <geotracker:meta c="3.98" s="0.98" />
        </extensions>
      </trkpt>
      <trkpt lat="7.32410333" lon="3.88416667">
        <ele>195.7</ele>
        <time>2026-05-10T20:06:18Z</time>
        <extensions>
          <geotracker:meta c="4.21" s="1.14" />
        </extensions>
      </trkpt>
      <trkpt lat="7.32405333" lon="3.88414833">
        <ele>194</ele>
        <time>2026-05-10T20:06:22Z</time>
        <extensions>
          <geotracker:meta c="3.91" s="1.19" />
        </extensions>
      </trkpt>
      <trkpt lat="7.32401833" lon="3.884115">
        <ele>192.4</ele>
        <time>2026-05-10T20:06:26Z</time>
        <extensions>
          <geotracker:meta c="4.01" s="1.09" />
        </extensions>
      </trkpt>
      <trkpt lat="7.32399" lon="3.884075">
        <ele>190.6</ele>
        <time>2026-05-10T20:06:32Z</time>
        <extensions>
          <geotracker:meta c="3.93" s="0.92" />
        </extensions>
      </trkpt>
      <trkpt lat="7.32395667" lon="3.88403">
        <ele>190.2</ele>
        <time>2026-05-10T20:06:37Z</time>
        <extensions>
          <geotracker:meta c="3.85" s="0.94" />
        </extensions>
      </trkpt>
      <trkpt lat="7.32391667" lon="3.88400167">
        <ele>189.8</ele>
        <time>2026-05-10T20:06:41Z</time>
        <extensions>
          <geotracker:meta c="3.82" s="1.06" />
        </extensions>
      </trkpt>
      <trkpt lat="7.32388833" lon="3.883965">
        <ele>189</ele>
        <time>2026-05-10T20:06:45Z</time>
        <extensions>
          <geotracker:meta c="3.99" s="1.14" />
        </extensions>
      </trkpt>
      <trkpt lat="7.32385333" lon="3.88392667">
        <ele>188.3</ele>
        <time>2026-05-10T20:06:50Z</time>
        <extensions>
          <geotracker:meta c="3.78" s="1.07" />
        </extensions>
      </trkpt>
      <trkpt lat="7.32382333" lon="3.883885">
        <ele>188</ele>
        <time>2026-05-10T20:06:55Z</time>
        <extensions>
          <geotracker:meta c="4.12" s="1.07" />
        </extensions>
      </trkpt>
      <trkpt lat="7.32378" lon="3.88386">
        <ele>187.3</ele>
        <time>2026-05-10T20:07:00Z</time>
        <extensions>
          <geotracker:meta c="4.16" s="1.07" />
        </extensions>
      </trkpt>
      <trkpt lat="7.32374833" lon="3.88381833">
        <ele>187.1</ele>
        <time>2026-05-10T20:07:05Z</time>
        <extensions>
          <geotracker:meta c="4.03" s="1.1" />
        </extensions>
      </trkpt>
      <trkpt lat="7.32371167" lon="3.88379167">
        <ele>187.1</ele>
        <time>2026-05-10T20:07:10Z</time>
        <extensions>
          <geotracker:meta c="3.67" s="1.05" />
        </extensions>
      </trkpt>
      <trkpt lat="7.32368167" lon="3.88374333">
        <ele>189.4</ele>
        <time>2026-05-10T20:07:15Z</time>
        <extensions>
          <geotracker:meta c="4.36" s="1.03" />
        </extensions>
      </trkpt>
      <trkpt lat="7.32364333" lon="3.88371333">
        <ele>191.7</ele>
        <time>2026-05-10T20:07:21Z</time>
        <extensions>
          <geotracker:meta c="3.88" s="1.05" />
        </extensions>
      </trkpt>
      <trkpt lat="7.32360667" lon="3.883675">
        <ele>192</ele>
        <time>2026-05-10T20:07:28Z</time>
        <extensions>
          <geotracker:meta c="3.71" s="0.97" />
        </extensions>
      </trkpt>
      <trkpt lat="7.323575" lon="3.88363833">
        <ele>191.1</ele>
        <time>2026-05-10T20:07:34Z</time>
        <extensions>
          <geotracker:meta c="3.83" s="0.93" />
        </extensions>
      </trkpt>
      <trkpt lat="7.323535" lon="3.88360333">
        <ele>190.7</ele>
        <time>2026-05-10T20:07:40Z</time>
        <extensions>
          <geotracker:meta c="3.68" s="0.9" />
        </extensions>
      </trkpt>
      <trkpt lat="7.323495" lon="3.883575">
        <ele>191.6</ele>
        <time>2026-05-10T20:07:45Z</time>
        <extensions>
          <geotracker:meta c="3.61" s="0.94" />
        </extensions>
      </trkpt>
      <trkpt lat="7.32345" lon="3.88355">
        <ele>191.5</ele>
        <time>2026-05-10T20:07:51Z</time>
        <extensions>
          <geotracker:meta c="3.56" s="0.97" />
        </extensions>
      </trkpt>
      <trkpt lat="7.32340333" lon="3.88353333">
        <ele>190.3</ele>
        <time>2026-05-10T20:07:55Z</time>
        <extensions>
          <geotracker:meta c="3.56" s="0.98" />
        </extensions>
      </trkpt>
    </trkseg>
    <trkseg>
      <trkpt lat="7.32378" lon="3.88354333">
        <ele>195</ele>
        <time>2026-05-10T20:10:31Z</time>
        <extensions>
          <geotracker:meta c="3.93" s="0.16" />
        </extensions>
      </trkpt>
      <trkpt lat="7.32378" lon="3.883465">
        <ele>195</ele>
        <time>2026-05-10T20:10:58Z</time>
        <extensions>
          <geotracker:meta c="4.44" s="0" />
        </extensions>
      </trkpt>
      <trkpt lat="7.32376167" lon="3.88341833">
        <ele>194.7</ele>
        <time>2026-05-10T20:11:04Z</time>
        <extensions>
          <geotracker:meta c="4.54" s="0.65" />
        </extensions>
      </trkpt>
      <trkpt lat="7.323745" lon="3.883365">
        <ele>194.2</ele>
        <time>2026-05-10T20:11:10Z</time>
        <extensions>
          <geotracker:meta c="4.61" s="0.87" />
        </extensions>
      </trkpt>
      <trkpt lat="7.32373167" lon="3.88332167">
        <ele>193.5</ele>
        <time>2026-05-10T20:11:14Z</time>
        <extensions>
          <geotracker:meta c="4.03" s="0.95" />
        </extensions>
      </trkpt>
      <trkpt lat="7.323695" lon="3.88327833">
        <ele>192.9</ele>
        <time>2026-05-10T20:11:21Z</time>
        <extensions>
          <geotracker:meta c="3.91" s="1.03" />
        </extensions>
      </trkpt>
      <trkpt lat="7.32366167" lon="3.88323167">
        <ele>192.6</ele>
        <time>2026-05-10T20:11:26Z</time>
        <extensions>
          <geotracker:meta c="4.35" s="1.07" />
        </extensions>
      </trkpt>
      <trkpt lat="7.32363333" lon="3.88318667">
        <ele>192.1</ele>
        <time>2026-05-10T20:11:31Z</time>
        <extensions>
          <geotracker:meta c="4.69" s="1.08" />
        </extensions>
      </trkpt>
      <trkpt lat="7.32361167" lon="3.88314667">
        <ele>190.9</ele>
        <time>2026-05-10T20:11:35Z</time>
        <extensions>
          <geotracker:meta c="4.44" s="1.13" />
        </extensions>
      </trkpt>
      <trkpt lat="7.323595" lon="3.88309833">
        <ele>188.8</ele>
        <time>2026-05-10T20:11:40Z</time>
        <extensions>
          <geotracker:meta c="4.51" s="1.01" />
        </extensions>
      </trkpt>
      <trkpt lat="7.32357667" lon="3.88304667">
        <ele>187.5</ele>
        <time>2026-05-10T20:11:45Z</time>
        <extensions>
          <geotracker:meta c="4.55" s="0.92" />
        </extensions>
      </trkpt>
      <trkpt lat="7.32356667" lon="3.88299667">
        <ele>186.2</ele>
        <time>2026-05-10T20:11:50Z</time>
        <extensions>
          <geotracker:meta c="4.66" s="1.04" />
        </extensions>
      </trkpt>
      <trkpt lat="7.32358" lon="3.88294833">
        <ele>185</ele>
        <time>2026-05-10T20:11:54Z</time>
        <extensions>
          <geotracker:meta c="4.39" s="1.07" />
        </extensions>
      </trkpt>
      <trkpt lat="7.32359167" lon="3.88289833">
        <ele>184.4</ele>
        <time>2026-05-10T20:11:59Z</time>
        <extensions>
          <geotracker:meta c="4.76" s="1.01" />
        </extensions>
      </trkpt>
      <trkpt lat="7.323585" lon="3.88284833">
        <ele>183.9</ele>
        <time>2026-05-10T20:12:04Z</time>
        <extensions>
          <geotracker:meta c="4.53" s="1.04" />
        </extensions>
      </trkpt>
      <trkpt lat="7.32357667" lon="3.88279667">
        <ele>183.4</ele>
        <time>2026-05-10T20:12:08Z</time>
        <extensions>
          <geotracker:meta c="4.21" s="1.16" />
        </extensions>
      </trkpt>
      <trkpt lat="7.323565" lon="3.882735">
        <ele>181.6</ele>
        <time>2026-05-10T20:12:13Z</time>
        <extensions>
          <geotracker:meta c="4.57" s="1.21" />
        </extensions>
      </trkpt>
      <trkpt lat="7.32355667" lon="3.88268833">
        <ele>180.4</ele>
        <time>2026-05-10T20:12:19Z</time>
        <extensions>
          <geotracker:meta c="4.38" s="0.91" />
        </extensions>
      </trkpt>
      <trkpt lat="7.32352833" lon="3.88265167">
        <ele>180.4</ele>
        <time>2026-05-10T20:12:23Z</time>
        <extensions>
          <geotracker:meta c="4.21" s="0.83" />
        </extensions>
      </trkpt>
      <trkpt lat="7.32349333" lon="3.88261167">
        <ele>180.2</ele>
        <time>2026-05-10T20:12:28Z</time>
        <extensions>
          <geotracker:meta c="4.3" s="1.05" />
        </extensions>
      </trkpt>
      <trkpt lat="7.32345" lon="3.88259">
        <ele>180.3</ele>
        <time>2026-05-10T20:12:33Z</time>
        <extensions>
          <geotracker:meta c="3.71" s="0.99" />
        </extensions>
      </trkpt>
      <trkpt lat="7.32341833" lon="3.88255333">
        <ele>184.1</ele>
        <time>2026-05-10T20:12:39Z</time>
        <extensions>
          <geotracker:meta c="4.38" s="0.81" />
        </extensions>
      </trkpt>
      <trkpt lat="7.323405" lon="3.88250167">
        <ele>186.9</ele>
        <time>2026-05-10T20:12:46Z</time>
        <extensions>
          <geotracker:meta c="4.11" s="0.76" />
        </extensions>
      </trkpt>
      <trkpt lat="7.32341167" lon="3.88245667">
        <ele>187.9</ele>
        <time>2026-05-10T20:12:52Z</time>
        <extensions>
          <geotracker:meta c="5.12" s="0.71" />
        </extensions>
      </trkpt>
      <trkpt lat="7.32343833" lon="3.88241333">
        <ele>188.7</ele>
        <time>2026-05-10T20:12:58Z</time>
        <extensions>
          <geotracker:meta c="5.36" s="0.62" />
        </extensions>
      </trkpt>
      <trkpt lat="7.323485" lon="3.88238333">
        <ele>187.4</ele>
        <time>2026-05-10T20:13:04Z</time>
        <extensions>
          <geotracker:meta c="5.89" s="0.78" />
        </extensions>
      </trkpt>
      <trkpt lat="7.32351833" lon="3.88234833">
        <ele>186.5</ele>
        <time>2026-05-10T20:13:08Z</time>
        <extensions>
          <geotracker:meta c="5.85" s="0.85" />
        </extensions>
      </trkpt>
      <trkpt lat="7.32355667" lon="3.88232167">
        <ele>188.8</ele>
        <time>2026-05-10T20:13:15Z</time>
        <extensions>
          <geotracker:meta c="5.58" s="0.81" />
        </extensions>
      </trkpt>
      <trkpt lat="7.323565" lon="3.882275">
        <ele>187.9</ele>
        <time>2026-05-10T20:13:30Z</time>
        <extensions>
          <geotracker:meta c="4.7" s="0.43" />
        </extensions>
      </trkpt>
      <trkpt lat="7.32354167" lon="3.882235">
        <ele>188.4</ele>
        <time>2026-05-10T20:13:40Z</time>
        <extensions>
          <geotracker:meta c="4.38" s="0.61" />
        </extensions>
      </trkpt>
      <trkpt lat="7.32352167" lon="3.88219333">
        <ele>188.7</ele>
        <time>2026-05-10T20:13:46Z</time>
        <extensions>
          <geotracker:meta c="4.53" s="0.88" />
        </extensions>
      </trkpt>
      <trkpt lat="7.32351" lon="3.88214833">
        <ele>190.1</ele>
        <time>2026-05-10T20:13:51Z</time>
        <extensions>
          <geotracker:meta c="4.45" s="0.82" />
        </extensions>
      </trkpt>
      <trkpt lat="7.32349667" lon="3.8821">
        <ele>189.9</ele>
        <time>2026-05-10T20:13:57Z</time>
        <extensions>
          <geotracker:meta c="4.47" s="0.79" />
        </extensions>
      </trkpt>
      <trkpt lat="7.32348333" lon="3.88205">
        <ele>189.9</ele>
        <time>2026-05-10T20:14:03Z</time>
        <extensions>
          <geotracker:meta c="4.51" s="0.81" />
        </extensions>
      </trkpt>
      <trkpt lat="7.323515" lon="3.88199833">
        <ele>185.6</ele>
        <time>2026-05-10T20:14:52Z</time>
        <extensions>
          <geotracker:meta c="5.32" s="0.31" />
        </extensions>
      </trkpt>
    </trkseg>
    <trkseg>
      <trkpt lat="7.32427" lon="3.882965">
        <ele>184.1</ele>
        <time>2026-05-10T20:48:00Z</time>
        <extensions>
          <geotracker:meta c="5.16" s="0.45" />
        </extensions>
      </trkpt>
      <trkpt lat="7.32431" lon="3.882935">
        <ele>184</ele>
        <time>2026-05-10T20:48:07Z</time>
        <extensions>
          <geotracker:meta c="5.63" s="0.83" />
        </extensions>
      </trkpt>
      <trkpt lat="7.32434" lon="3.8829">
        <ele>183.1</ele>
        <time>2026-05-10T20:48:12Z</time>
        <extensions>
          <geotracker:meta c="5.16" s="0.89" />
        </extensions>
      </trkpt>
      <trkpt lat="7.32433333" lon="3.88285333">
        <ele>186.2</ele>
        <time>2026-05-10T20:48:18Z</time>
        <extensions>
          <geotracker:meta c="4.35" s="1.07" />
        </extensions>
      </trkpt>
      <trkpt lat="7.324295" lon="3.88281833">
        <ele>190.8</ele>
        <time>2026-05-10T20:48:25Z</time>
        <extensions>
          <geotracker:meta c="4.35" s="1.07" />
        </extensions>
      </trkpt>
      <trkpt lat="7.32426667" lon="3.88277333">
        <ele>194.8</ele>
        <time>2026-05-10T20:48:31Z</time>
        <extensions>
          <geotracker:meta c="4.17" s="1.16" />
        </extensions>
      </trkpt>
      <trkpt lat="7.32425667" lon="3.88272833">
        <ele>194.8</ele>
        <time>2026-05-10T20:48:35Z</time>
        <extensions>
          <geotracker:meta c="4.35" s="1.2" />
        </extensions>
      </trkpt>
      <trkpt lat="7.32423333" lon="3.88268333">
        <ele>196.1</ele>
        <time>2026-05-10T20:48:40Z</time>
        <extensions>
          <geotracker:meta c="4.18" s="1.13" />
        </extensions>
      </trkpt>
      <trkpt lat="7.32420667" lon="3.88264">
        <ele>196.5</ele>
        <time>2026-05-10T20:48:44Z</time>
        <extensions>
          <geotracker:meta c="4.59" s="1.14" />
        </extensions>
      </trkpt>
      <trkpt lat="7.32418" lon="3.8826">
        <ele>197.5</ele>
        <time>2026-05-10T20:48:49Z</time>
        <extensions>
          <geotracker:meta c="4.38" s="1.18" />
        </extensions>
      </trkpt>
      <trkpt lat="7.32416333" lon="3.88255">
        <ele>198.5</ele>
        <time>2026-05-10T20:48:54Z</time>
        <extensions>
          <geotracker:meta c="4.62" s="1.11" />
        </extensions>
      </trkpt>
      <trkpt lat="7.32416" lon="3.8825">
        <ele>200.2</ele>
        <time>2026-05-10T20:48:59Z</time>
        <extensions>
          <geotracker:meta c="4.81" s="1.09" />
        </extensions>
      </trkpt>
      <trkpt lat="7.32419833" lon="3.88246833">
        <ele>200.8</ele>
        <time>2026-05-10T20:49:03Z</time>
        <extensions>
          <geotracker:meta c="5.36" s="1.05" />
        </extensions>
      </trkpt>
      <trkpt lat="7.32423167" lon="3.88243333">
        <ele>199.7</ele>
        <time>2026-05-10T20:49:07Z</time>
        <extensions>
          <geotracker:meta c="5.53" s="1.09" />
        </extensions>
      </trkpt>
      <trkpt lat="7.32426833" lon="3.88239">
        <ele>197.4</ele>
        <time>2026-05-10T20:49:11Z</time>
        <extensions>
          <geotracker:meta c="5.56" s="1.06" />
        </extensions>
      </trkpt>
      <trkpt lat="7.32430167" lon="3.88235333">
        <ele>195.6</ele>
        <time>2026-05-10T20:49:19Z</time>
        <extensions>
          <geotracker:meta c="6.14" s="0.7" />
        </extensions>
      </trkpt>
    </trkseg>
  </trk>
</gpx>